"t","ts","v"
"2021-08-28T15:07:25",1630156045.0,13.97
"2021-08-28T16:07:25",1630159645.0,14.01
"2021-08-28T17:07:40",1630163260.0,13.94
"2021-08-28T18:07:55",1630166875.0,13.97
"2021-08-28T19:08:11",1630170491.0,13.99
"2021-08-28T20:08:26",1630174106.0,13.71
"2021-08-28T21:08:42",1630177722.0,13.39
"2021-08-28T22:08:57",1630181337.0,13.25
"2021-08-28T23:09:13",1630184953.0,13.13
"2021-08-29T00:09:28",1630188568.0,13.05
"2021-08-29T01:09:44",1630192184.0,13.01
"2021-08-29T02:09:59",1630195799.0,13.01
"2021-08-29T03:10:15",1630199415.0,13.01
"2021-08-29T04:10:30",1630203030.0,12.99
"2021-08-29T05:10:46",1630206646.0,12.98
"2021-08-29T06:11:01",1630210261.0,12.97
"2021-08-29T07:11:16",1630213876.0,12.97
"2021-08-29T08:11:32",1630217492.0,13.33
"2021-08-29T09:11:47",1630221107.0,14.63
"2021-08-29T10:12:03",1630224723.0,14.63
"2021-08-29T11:12:18",1630228338.0,13.97
"2021-08-29T12:12:34",1630231954.0,13.97
"2021-08-29T13:12:49",1630235569.0,13.97
"2021-08-29T14:13:05",1630239185.0,13.98
"2021-08-29T15:13:20",1630242800.0,13.99
"2021-08-29T16:13:36",1630246416.0,13.97
"2021-08-29T17:13:51",1630250031.0,13.98
"2021-08-29T18:14:07",1630253647.0,13.99
"2021-08-29T19:14:22",1630257262.0,13.97
"2021-08-29T20:14:37",1630260877.0,13.61
"2021-08-29T21:14:53",1630264493.0,13.37
"2021-08-29T22:15:08",1630268108.0,13.23
"2021-08-29T23:15:24",1630271724.0,13.11
"2021-08-30T00:15:39",1630275339.0,13.04
"2021-08-30T01:15:55",1630278955.0,13.01
"2021-08-30T02:16:10",1630282570.0,12.98
"2021-08-30T03:16:26",1630286186.0,12.98
"2021-08-30T04:16:41",1630289801.0,12.96
"2021-08-30T05:16:57",1630293417.0,12.94
"2021-08-30T06:17:12",1630297032.0,12.95
"2021-08-30T07:17:28",1630300648.0,12.95
"2021-08-30T08:17:43",1630304263.0,13.31
"2021-08-30T09:17:58",1630307878.0,14.66
"2021-08-30T10:18:14",1630311494.0,14.66
"2021-08-30T11:18:29",1630315109.0,13.97
"2021-08-30T12:18:45",1630318725.0,13.97
"2021-08-30T13:19:00",1630322340.0,14.0
"2021-08-30T14:19:16",1630325956.0,13.99
"2021-08-30T15:19:31",1630329571.0,13.98
"2021-08-30T16:19:47",1630333187.0,13.99
"2021-08-30T17:20:02",1630336802.0,13.99
"2021-08-30T18:20:18",1630340418.0,13.99
"2021-08-30T19:20:33",1630344033.0,14.0
"2021-08-30T20:20:49",1630347649.0,13.94
"2021-08-30T21:21:04",1630351264.0,13.49
"2021-08-30T22:21:19",1630354879.0,13.33
"2021-08-30T23:21:35",1630358495.0,13.18
"2021-08-31T00:21:50",1630362110.0,13.08
"2021-08-31T01:22:06",1630365726.0,13.01
"2021-08-31T02:22:21",1630369341.0,12.99
"2021-08-31T03:22:37",1630372957.0,12.98
"2021-08-31T04:22:52",1630376572.0,12.95
"2021-08-31T05:23:08",1630380188.0,12.95
"2021-08-31T06:23:23",1630383803.0,12.9
"2021-08-31T07:23:39",1630387419.0,12.93
"2021-08-31T08:23:54",1630391034.0,13.43
"2021-08-31T09:24:10",1630394650.0,14.63
"2021-08-31T10:24:25",1630398265.0,14.64
"2021-08-31T11:24:41",1630401881.0,13.97
"2021-08-31T12:24:56",1630405496.0,13.97
"2021-08-31T13:25:11",1630409111.0,13.98
"2021-08-31T14:25:27",1630412727.0,13.97
"2021-08-31T15:25:42",1630416342.0,13.98
"2021-08-31T16:25:58",1630419958.0,13.99
"2021-08-31T17:26:13",1630423573.0,13.99
"2021-08-31T18:26:29",1630427189.0,14.01
"2021-08-31T19:26:44",1630430804.0,13.99
"2021-08-31T20:27:00",1630434420.0,13.71
"2021-08-31T21:27:15",1630438035.0,13.49
"2021-08-31T22:27:31",1630441651.0,13.33
"2021-08-31T23:27:46",1630445266.0,13.17
"2021-09-01T00:28:02",1630448882.0,13.09
"2021-09-01T01:28:17",1630452497.0,13.01
"2021-09-01T02:28:32",1630456112.0,13.0
"2021-09-01T03:28:48",1630459728.0,12.95
"2021-09-01T04:29:03",1630463343.0,12.92
"2021-09-01T05:29:19",1630466959.0,12.92
"2021-09-01T06:29:34",1630470574.0,12.89
"2021-09-01T07:29:50",1630474190.0,12.88
"2021-09-01T08:30:05",1630477805.0,13.1
"2021-09-01T09:30:21",1630481421.0,14.65
"2021-09-01T10:30:36",1630485036.0,14.63
"2021-09-01T11:30:52",1630488652.0,13.96
"2021-09-01T12:31:07",1630492267.0,13.97
"2021-09-01T13:31:23",1630495883.0,13.97
"2021-09-01T14:31:38",1630499498.0,13.98
"2021-09-01T15:31:54",1630503114.0,13.97
"2021-09-01T16:32:09",1630506729.0,13.97
"2021-09-01T17:32:24",1630510344.0,13.97
"2021-09-01T18:32:40",1630513960.0,13.97
"2021-09-01T19:32:55",1630517575.0,13.97
"2021-09-01T20:33:11",1630521191.0,13.83
"2021-09-01T21:33:26",1630524806.0,13.49
"2021-09-01T22:33:42",1630528422.0,13.33
"2021-09-01T23:33:57",1630532037.0,13.2
"2021-09-02T00:34:13",1630535653.0,13.11
"2021-09-02T01:34:28",1630539268.0,13.01
"2021-09-02T02:34:44",1630542884.0,12.99
"2021-09-02T03:34:59",1630546499.0,12.95
"2021-09-02T04:35:15",1630550115.0,12.92
"2021-09-02T05:35:30",1630553730.0,12.9
"2021-09-02T06:35:45",1630557345.0,12.85
"2021-09-02T07:36:01",1630560961.0,12.88
"2021-09-02T08:36:16",1630564576.0,13.0
"2021-09-02T09:36:32",1630568192.0,14.66
"2021-09-02T10:36:47",1630571807.0,14.64
"2021-09-02T11:37:03",1630575423.0,13.96
"2021-09-02T12:37:18",1630579038.0,13.96
"2021-09-02T13:37:34",1630582654.0,13.96
"2021-09-02T14:37:49",1630586269.0,13.97
"2021-09-02T15:38:05",1630589885.0,13.96
"2021-09-02T16:38:20",1630593500.0,13.96
"2021-09-02T17:38:36",1630597116.0,13.98
"2021-09-02T18:38:51",1630600731.0,13.97
"2021-09-02T19:39:07",1630604347.0,13.95
"2021-09-02T20:39:22",1630607962.0,13.92
"2021-09-02T21:39:37",1630611577.0,13.54
"2021-09-02T22:39:53",1630615193.0,13.36
"2021-09-02T23:40:08",1630618808.0,13.25
"2021-09-03T00:40:24",1630622424.0,13.12
"2021-09-03T01:40:39",1630626039.0,13.02
"2021-09-03T02:40:55",1630629655.0,12.98
"2021-09-03T03:41:10",1630633270.0,12.95
"2021-09-03T04:41:26",1630636886.0,12.88
"2021-09-03T05:41:41",1630640501.0,12.87
"2021-09-03T06:41:57",1630644117.0,12.85
"2021-09-03T07:42:12",1630647732.0,12.88
"2021-09-03T08:42:28",1630651348.0,13.26
"2021-09-03T09:42:43",1630654963.0,14.66
"2021-09-03T10:42:59",1630658579.0,14.64
"2021-09-03T11:43:14",1630662194.0,13.96
"2021-09-03T12:43:29",1630665809.0,13.99
"2021-09-03T13:43:45",1630669425.0,13.97
"2021-09-03T14:44:00",1630673040.0,13.99
"2021-09-03T15:44:16",1630676656.0,13.99
"2021-09-03T16:44:31",1630680271.0,14.01
"2021-09-03T17:44:47",1630683887.0,13.97
"2021-09-03T18:45:02",1630687502.0,13.99
"2021-09-03T19:45:18",1630691118.0,13.97
"2021-09-03T20:45:33",1630694733.0,13.95
"2021-09-03T21:45:49",1630698349.0,13.6
"2021-09-03T22:46:04",1630701964.0,13.4
"2021-09-03T23:46:20",1630705580.0,13.28
"2021-09-04T00:46:35",1630709195.0,13.15
"2021-09-04T01:46:51",1630712811.0,13.04
"2021-09-04T02:47:06",1630716426.0,13.01
"2021-09-04T03:47:21",1630720041.0,12.94
"2021-09-04T04:47:37",1630723657.0,12.92
"2021-09-04T05:47:52",1630727272.0,12.86
"2021-09-04T06:48:08",1630730888.0,12.86
"2021-09-04T07:48:23",1630734503.0,12.86
"2021-09-04T08:48:39",1630738119.0,13.01
"2021-09-04T09:48:54",1630741734.0,14.64
"2021-09-04T10:49:10",1630745350.0,14.63
"2021-09-04T11:49:25",1630748965.0,13.98
"2021-09-04T12:49:41",1630752581.0,13.96
"2021-09-04T13:49:56",1630756196.0,13.98
"2021-09-04T14:50:12",1630759812.0,13.97
"2021-09-04T15:50:27",1630763427.0,13.97
"2021-09-04T16:50:43",1630767043.0,14.0
"2021-09-04T17:50:58",1630770658.0,13.97
"2021-09-04T18:51:13",1630774273.0,13.96
"2021-09-04T19:51:29",1630777889.0,13.99
"2021-09-04T20:51:44",1630781504.0,13.96
"2021-09-04T21:52:00",1630785120.0,13.61
"2021-09-04T22:52:15",1630788735.0,13.42
"2021-09-04T23:52:31",1630792351.0,13.31
"2021-09-05T00:52:46",1630795966.0,13.16
"2021-09-05T01:53:02",1630799582.0,13.05
"2021-09-05T02:53:17",1630803197.0,12.99
"2021-09-05T03:53:33",1630806813.0,12.95
"2021-09-05T04:53:48",1630810428.0,12.9
"2021-09-05T05:54:04",1630814044.0,12.86
"2021-09-05T06:54:19",1630817659.0,12.85
"2021-09-05T07:54:35",1630821275.0,12.83
"2021-09-05T08:54:50",1630824890.0,13.12
"2021-09-05T09:55:05",1630828505.0,14.63
"2021-09-05T10:55:21",1630832121.0,14.63
"2021-09-05T11:55:36",1630835736.0,13.96
"2021-09-05T12:55:52",1630839352.0,13.98
"2021-09-05T13:56:07",1630842967.0,13.97
"2021-09-05T14:56:23",1630846583.0,13.97
"2021-09-05T15:56:38",1630850198.0,13.98
"2021-09-05T16:56:54",1630853814.0,13.97
"2021-09-05T17:57:09",1630857429.0,13.97
"2021-09-05T18:57:25",1630861045.0,13.97
"2021-09-05T19:57:40",1630864660.0,13.97
"2021-09-05T20:57:56",1630868276.0,13.92
"2021-09-05T21:58:11",1630871891.0,13.61
"2021-09-05T22:58:27",1630875507.0,13.46
"2021-09-05T23:58:42",1630879122.0,13.32
"2021-09-06T00:58:57",1630882737.0,13.2
"2021-09-06T01:59:13",1630886353.0,13.06
"2021-09-06T02:59:28",1630889968.0,13.01
"2021-09-06T03:59:44",1630893584.0,12.92
"2021-09-06T04:59:59",1630897199.0,12.89
"2021-09-06T06:00:15",1630900815.0,12.87
"2021-09-06T07:00:30",1630904430.0,12.84
"2021-09-06T08:00:46",1630908046.0,12.83
"2021-09-06T09:01:01",1630911661.0,13.12
"2021-09-06T10:01:17",1630915277.0,14.64
"2021-09-06T11:01:32",1630918892.0,14.63
"2021-09-06T12:01:48",1630922508.0,13.96
"2021-09-06T13:02:03",1630926123.0,13.97
"2021-09-06T14:02:19",1630929739.0,13.96
"2021-09-06T15:02:34",1630933354.0,13.96
"2021-09-06T16:02:50",1630936970.0,13.95
"2021-09-06T17:03:05",1630940585.0,13.97
"2021-09-06T18:03:20",1630944200.0,13.97
"2021-09-06T19:03:36",1630947816.0,13.97
"2021-09-06T20:03:51",1630951431.0,13.98
"2021-09-06T21:04:07",1630955047.0,13.95
"2021-09-06T22:04:22",1630958662.0,13.64
"2021-09-06T23:04:38",1630962278.0,13.44
"2021-09-07T00:04:53",1630965893.0,13.33
"2021-09-07T01:05:09",1630969509.0,13.17
"2021-09-07T02:05:24",1630973124.0,13.07
"2021-09-07T03:05:40",1630976740.0,13.01
"2021-09-07T04:05:55",1630980355.0,12.94
"2021-09-07T05:06:11",1630983971.0,12.88
"2021-09-07T06:06:26",1630987586.0,12.85
"2021-09-07T07:06:42",1630991202.0,12.84
"2021-09-07T08:06:57",1630994817.0,12.82
"2021-09-07T09:07:13",1630998433.0,13.02
"2021-09-07T10:07:28",1631002048.0,14.63
"2021-09-07T11:07:43",1631005663.0,14.64
"2021-09-07T12:07:59",1631009279.0,13.98
"2021-09-07T13:08:14",1631012894.0,13.98
"2021-09-07T14:08:30",1631016510.0,13.98
"2021-09-07T15:08:45",1631020125.0,13.97
"2021-09-07T16:09:01",1631023741.0,13.98
"2021-09-07T17:09:16",1631027356.0,13.99
"2021-09-07T18:09:32",1631030972.0,13.99
"2021-09-07T19:09:47",1631034587.0,13.98
"2021-09-07T20:10:03",1631038203.0,13.98
"2021-09-07T21:10:18",1631041818.0,13.95
"2021-09-07T22:10:34",1631045434.0,13.63
"2021-09-07T23:10:49",1631049049.0,13.45
"2021-09-08T00:11:05",1631052665.0,13.3
"2021-09-08T01:11:20",1631056280.0,13.15
"2021-09-08T02:11:35",1631059895.0,13.04
"2021-09-08T03:11:51",1631063511.0,13.0
"2021-09-08T04:12:06",1631067126.0,12.95
"2021-09-08T05:12:22",1631070742.0,12.89
"2021-09-08T06:12:37",1631074357.0,12.85
"2021-09-08T07:12:53",1631077973.0,12.84
"2021-09-08T08:13:08",1631081588.0,12.85
"2021-09-08T09:13:24",1631085204.0,12.99
"2021-09-08T10:13:39",1631088819.0,14.67
"2021-09-08T11:13:55",1631092435.0,14.64
"2021-09-08T12:14:10",1631096050.0,13.95
"2021-09-08T13:14:26",1631099666.0,13.99
"2021-09-08T14:14:41",1631103281.0,13.97
"2021-09-08T15:14:57",1631106897.0,13.97
"2021-09-08T16:15:12",1631110512.0,13.99
"2021-09-08T17:15:28",1631114128.0,13.97
"2021-09-08T18:15:43",1631117743.0,13.99
"2021-09-08T19:15:58",1631121358.0,13.96
"2021-09-08T20:16:14",1631124974.0,13.97
"2021-09-08T21:16:29",1631128589.0,13.94
"2021-09-08T22:16:45",1631132205.0,13.63
"2021-09-08T23:17:00",1631135820.0,13.45
"2021-09-09T00:17:16",1631139436.0,13.29
"2021-09-09T01:17:31",1631143051.0,13.17
"2021-09-09T02:17:47",1631146667.0,13.05
"2021-09-09T03:18:02",1631150282.0,13.0
"2021-09-09T04:18:18",1631153898.0,12.96
"2021-09-09T05:18:33",1631157513.0,12.9
"2021-09-09T06:18:49",1631161129.0,12.86
"2021-09-09T07:19:04",1631164744.0,12.84
"2021-09-09T08:19:20",1631168360.0,12.83
"2021-09-09T09:19:35",1631171975.0,12.95
"2021-09-09T10:19:51",1631175591.0,14.67
"2021-09-09T11:20:06",1631179206.0,14.65
"2021-09-09T12:20:21",1631182821.0,13.97
"2021-09-09T13:20:37",1631186437.0,13.95
"2021-09-09T14:20:52",1631190052.0,13.98
"2021-09-09T15:21:08",1631193668.0,13.97
"2021-09-09T16:21:23",1631197283.0,13.99
"2021-09-09T17:21:39",1631200899.0,13.98
"2021-09-09T18:21:54",1631204514.0,13.97
"2021-09-09T19:22:10",1631208130.0,13.98
"2021-09-09T20:22:25",1631211745.0,13.97
"2021-09-09T21:22:41",1631215361.0,13.97
"2021-09-09T22:22:56",1631218976.0,13.63
"2021-09-09T23:23:12",1631222592.0,13.44
"2021-09-10T00:23:27",1631226207.0,13.32
"2021-09-10T01:23:43",1631229823.0,13.18
"2021-09-10T02:23:58",1631233438.0,13.11
"2021-09-10T03:24:14",1631237054.0,13.01
"2021-09-10T04:24:29",1631240669.0,12.95
"2021-09-10T05:24:45",1631244285.0,12.91
"2021-09-10T06:25:00",1631247900.0,12.87
"2021-09-10T07:25:15",1631251515.0,12.85
"2021-09-10T08:25:31",1631255131.0,12.85
"2021-09-10T09:25:46",1631258746.0,12.87
"2021-09-10T10:26:02",1631262362.0,13.39
"2021-09-10T11:26:17",1631265977.0,14.67
"2021-09-10T12:26:33",1631269593.0,14.67
"2021-09-10T13:26:48",1631273208.0,13.97
"2021-09-10T14:27:04",1631276824.0,13.99
"2021-09-10T15:27:19",1631280439.0,13.98
"2021-09-10T16:27:35",1631284055.0,13.97
"2021-09-10T17:27:50",1631287670.0,13.97
"2021-09-10T18:28:06",1631291286.0,13.97
"2021-09-10T19:28:21",1631294901.0,13.98
"2021-09-10T20:28:37",1631298517.0,13.96
"2021-09-10T21:28:52",1631302132.0,13.85
"2021-09-10T22:29:08",1631305748.0,13.6
"2021-09-10T23:29:23",1631309363.0,13.41
"2021-09-11T00:29:38",1631312978.0,13.29
"2021-09-11T01:29:54",1631316594.0,13.18
"2021-09-11T02:30:09",1631320209.0,13.06
"2021-09-11T03:30:25",1631323825.0,13.01
"2021-09-11T04:30:40",1631327440.0,12.95
"2021-09-11T05:30:56",1631331056.0,12.89
"2021-09-11T06:31:11",1631334671.0,12.85
"2021-09-11T07:31:27",1631338287.0,12.83
"2021-09-11T08:31:42",1631341902.0,12.8
"2021-09-11T09:31:58",1631345518.0,12.83
"2021-09-11T10:32:13",1631349133.0,12.98
"2021-09-11T11:32:29",1631352749.0,13.72
"2021-09-11T12:32:44",1631356364.0,14.64
"2021-09-11T13:33:00",1631359980.0,14.65
"2021-09-11T14:33:15",1631363595.0,13.99
"2021-09-11T15:33:31",1631367211.0,13.97
"2021-09-11T16:33:46",1631370826.0,13.97
"2021-09-11T17:34:02",1631374442.0,13.98
"2021-09-11T18:34:17",1631378057.0,13.97
"2021-09-11T19:34:32",1631381672.0,13.96
"2021-09-11T20:34:48",1631385288.0,13.96
"2021-09-11T21:35:03",1631388903.0,13.81
"2021-09-11T22:35:19",1631392519.0,13.57
"2021-09-11T23:35:34",1631396134.0,13.42
"2021-09-12T00:35:50",1631399750.0,13.28
"2021-09-12T01:36:05",1631403365.0,13.14
"2021-09-12T02:36:21",1631406981.0,13.03
"2021-09-12T03:36:36",1631410596.0,12.97
"2021-09-12T04:36:52",1631414212.0,12.94
"2021-09-12T05:37:07",1631417827.0,12.89
"2021-09-12T06:37:23",1631421443.0,12.85
"2021-09-12T07:37:38",1631425058.0,12.83
"2021-09-12T08:37:54",1631428674.0,12.81
"2021-09-12T09:38:09",1631432289.0,12.8
"2021-09-12T10:38:25",1631435905.0,13.56
"2021-09-12T11:38:40",1631439520.0,14.65
"2021-09-12T12:38:56",1631443136.0,14.66
"2021-09-12T13:39:11",1631446751.0,13.97
"2021-09-12T14:39:26",1631450366.0,13.98
"2021-09-12T15:39:42",1631453982.0,13.98
"2021-09-12T16:39:57",1631457597.0,13.98
"2021-09-12T17:40:13",1631461213.0,13.99
"2021-09-12T18:40:28",1631464828.0,13.97
"2021-09-12T19:40:44",1631468444.0,13.97
"2021-09-12T20:40:59",1631472059.0,13.97
"2021-09-12T21:41:15",1631475675.0,13.97
"2021-09-12T22:41:30",1631479290.0,13.65
"2021-09-12T23:41:46",1631482906.0,13.47
"2021-09-13T00:42:01",1631486521.0,13.33
"2021-09-13T01:42:17",1631490137.0,13.18
"2021-09-13T02:42:32",1631493752.0,13.08
"2021-09-13T03:42:48",1631497368.0,13.01
"2021-09-13T04:43:03",1631500983.0,12.96
"2021-09-13T05:43:19",1631504599.0,12.88
"2021-09-13T06:43:34",1631508214.0,12.85
"2021-09-13T07:43:50",1631511830.0,12.82
"2021-09-13T08:44:05",1631515445.0,12.81
"2021-09-13T09:44:20",1631519060.0,12.79
"2021-09-13T10:44:36",1631522676.0,14.65
"2021-09-13T11:44:51",1631526291.0,14.64
"2021-09-13T12:45:07",1631529907.0,14.06
"2021-09-13T13:45:22",1631533522.0,13.99
"2021-09-13T14:45:38",1631537138.0,13.96
"2021-09-13T15:45:53",1631540753.0,13.95
"2021-09-13T16:46:09",1631544369.0,13.97
"2021-09-13T17:46:24",1631547984.0,13.97
"2021-09-13T18:46:40",1631551600.0,13.97
"2021-09-13T19:46:55",1631555215.0,13.97
"2021-09-13T20:47:11",1631558831.0,13.98
"2021-09-13T21:47:26",1631562446.0,13.97
"2021-09-13T22:47:42",1631566062.0,13.65
"2021-09-13T23:47:57",1631569677.0,13.48
"2021-09-14T00:48:13",1631573293.0,13.33
"2021-09-14T01:48:28",1631576908.0,13.21
"2021-09-14T02:48:44",1631580524.0,13.1
"2021-09-14T03:48:59",1631584139.0,13.01
"2021-09-14T04:49:15",1631587755.0,12.96
"2021-09-14T05:49:30",1631591370.0,12.89
"2021-09-14T06:49:45",1631594985.0,12.85
"2021-09-14T07:50:01",1631598601.0,12.83
"2021-09-14T08:50:16",1631602216.0,12.81
"2021-09-14T09:50:32",1631605832.0,12.82
"2021-09-14T10:50:47",1631609447.0,14.89
"2021-09-14T11:51:03",1631613063.0,14.64
"2021-09-14T12:51:18",1631616678.0,14.66
"2021-09-14T13:51:34",1631620294.0,13.97
"2021-09-14T14:51:49",1631623909.0,13.97
"2021-09-14T15:52:05",1631627525.0,13.97
"2021-09-14T16:52:20",1631631140.0,13.98
"2021-09-14T17:52:36",1631634756.0,13.97
"2021-09-14T18:52:51",1631638371.0,13.97
"2021-09-14T19:53:07",1631641987.0,13.96
"2021-09-14T20:53:22",1631645602.0,13.97
"2021-09-14T21:53:38",1631649218.0,13.75
"2021-09-14T22:53:53",1631652833.0,13.57
"2021-09-14T23:54:09",1631656449.0,13.42
"2021-09-15T00:54:24",1631660064.0,13.27
"2021-09-15T01:54:40",1631663680.0,13.14
"2021-09-15T02:54:55",1631667295.0,13.05
"2021-09-15T03:55:10",1631670910.0,13.0
"2021-09-15T04:55:26",1631674526.0,12.91
"2021-09-15T05:55:41",1631678141.0,12.87
"2021-09-15T06:55:57",1631681757.0,12.85
"2021-09-15T07:56:12",1631685372.0,12.83
"2021-09-15T08:56:28",1631688988.0,12.79
"2021-09-15T09:56:43",1631692603.0,12.77
"2021-09-15T10:56:59",1631696219.0,12.95
"2021-09-15T11:57:14",1631699834.0,14.65
"2021-09-15T12:57:30",1631703450.0,14.67
"2021-09-15T13:57:45",1631707065.0,13.97
"2021-09-15T14:58:01",1631710681.0,13.97
"2021-09-15T15:58:16",1631714296.0,13.97
"2021-09-15T16:58:32",1631717912.0,13.97
"2021-09-15T17:58:47",1631721527.0,13.97
"2021-09-15T18:59:03",1631725143.0,13.98
"2021-09-15T19:59:18",1631728758.0,13.99
"2021-09-15T20:59:34",1631732374.0,13.97
"2021-09-15T21:59:49",1631735989.0,13.9
"2021-09-15T23:00:05",1631739605.0,13.62
"2021-09-16T00:00:20",1631743220.0,13.44
"2021-09-16T01:00:35",1631746835.0,13.31
"2021-09-16T02:00:51",1631750451.0,13.16
"2021-09-16T03:01:06",1631754066.0,13.05
"2021-09-16T04:01:22",1631757682.0,13.01
"2021-09-16T05:01:37",1631761297.0,12.95
"2021-09-16T06:01:53",1631764913.0,12.89
"2021-09-16T07:02:08",1631768528.0,12.85
"2021-09-16T08:02:24",1631772144.0,12.82
"2021-09-16T09:02:39",1631775759.0,12.79
"2021-09-16T10:02:55",1631779375.0,12.76
"2021-09-16T11:03:10",1631782990.0,13.01
"2021-09-16T12:03:26",1631786606.0,14.65
"2021-09-16T12:41:05",1631788865.0,13.99
"2021-09-16T13:03:41",1631790221.0,14.63
"2021-09-16T13:41:05",1631792465.0,13.97
"2021-09-16T14:03:57",1631793837.0,13.96
"2021-09-16T14:41:20",1631796080.0,13.97
"2021-09-16T15:04:12",1631797452.0,13.99
"2021-09-16T15:41:35",1631799695.0,13.98
"2021-09-16T16:41:51",1631803311.0,13.96
"2021-09-16T17:42:06",1631806926.0,13.53
"2021-09-16T18:42:22",1631810542.0,12.73
"2021-09-16T19:42:37",1631814157.0,12.54
"2021-09-16T20:42:53",1631817773.0,12.58
"2021-09-16T21:43:08",1631821388.0,12.6
"2021-09-16T22:43:24",1631825004.0,12.59
"2021-09-16T23:43:39",1631828619.0,12.59
"2021-09-17T00:43:55",1631832235.0,12.61
"2021-09-17T01:44:10",1631835850.0,12.57
"2021-09-17T02:44:26",1631839466.0,12.61
"2021-09-17T03:44:41",1631843081.0,12.59
"2021-09-17T04:44:57",1631846697.0,12.58
"2021-09-17T05:45:12",1631850312.0,12.59
"2021-09-17T06:45:28",1631853928.0,12.59
"2021-09-17T07:45:43",1631857543.0,12.59
"2021-09-17T08:45:59",1631861159.0,12.65
"2021-09-17T09:46:14",1631864774.0,12.73
"2021-09-17T10:46:30",1631868390.0,13.51
"2021-09-17T11:46:45",1631872005.0,13.71
"2021-09-17T12:47:00",1631875620.0,13.22
"2021-09-17T13:47:16",1631879236.0,13.97
"2021-09-17T14:47:31",1631882851.0,14.64
"2021-09-17T15:47:47",1631886467.0,14.62
"2021-09-17T16:48:02",1631890082.0,13.97
"2021-09-17T17:48:18",1631893698.0,13.54
"2021-09-17T18:48:18",1631897298.0,12.86
"2021-09-17T19:48:18",1631900898.0,12.56
"2021-09-17T20:48:18",1631904498.0,11.75
"2021-09-17T21:48:18",1631908098.0,12.06
"2021-09-17T22:48:18",1631911698.0,12.03
"2021-09-17T23:48:18",1631915298.0,12.32
"2021-09-18T00:48:33",1631918913.0,12.47
"2021-09-18T01:48:48",1631922528.0,12.51
"2021-09-18T02:49:04",1631926144.0,12.51
"2021-09-18T03:49:19",1631929759.0,12.5
"2021-09-18T04:49:35",1631933375.0,12.49
"2021-09-18T05:49:50",1631936990.0,12.46
"2021-09-18T06:50:06",1631940606.0,12.47
"2021-09-18T07:50:21",1631944221.0,12.53
"2021-09-18T08:50:37",1631947837.0,12.82
"2021-09-18T09:50:52",1631951452.0,13.54
"2021-09-18T10:51:08",1631955068.0,13.64
"2021-09-18T11:51:23",1631958683.0,14.47
"2021-09-18T12:51:23",1631962283.0,14.6
"2021-09-18T13:51:23",1631965883.0,14.71
"2021-09-18T14:51:26",1631969486.0,14.69
"2021-09-18T15:36:11",1631972171.0,13.75
"2021-09-18T16:36:16",1631975776.0,13.32
"2021-09-18T17:36:17",1631979377.0,13.04
"2021-09-18T18:36:17",1631982977.0,12.92
"2021-09-18T19:36:17",1631986577.0,12.74
"2021-09-18T20:36:17",1631990177.0,12.85
"2021-09-18T21:36:32",1631993792.0,12.79
"2021-09-18T22:36:47",1631997407.0,12.79
"2021-09-18T23:37:03",1632001023.0,12.79
"2021-09-19T00:37:18",1632004638.0,12.74
"2021-09-19T01:37:34",1632008254.0,12.72
"2021-09-19T02:37:49",1632011869.0,12.74
"2021-09-19T03:38:05",1632015485.0,12.71
"2021-09-19T04:38:20",1632019100.0,12.71
"2021-09-19T05:38:36",1632022716.0,12.7
"2021-09-19T06:38:51",1632026331.0,12.68
"2021-09-19T07:39:07",1632029947.0,12.69
"2021-09-19T08:39:22",1632033562.0,12.82
"2021-09-19T09:39:38",1632037178.0,13.35
"2021-09-19T10:39:53",1632040793.0,14.51
"2021-09-19T11:40:09",1632044409.0,14.63
"2021-09-19T12:40:24",1632048024.0,14.64
"2021-09-19T13:40:40",1632051640.0,13.97
"2021-09-19T14:40:55",1632055255.0,13.97
"2021-09-19T15:41:11",1632058871.0,13.97
"2021-09-19T16:41:26",1632062486.0,13.98
"2021-09-19T17:41:42",1632066102.0,13.99
"2021-09-19T18:41:57",1632069717.0,13.31
"2021-09-19T19:42:13",1632073333.0,12.91
"2021-09-19T20:42:28",1632076948.0,12.86
"2021-09-19T21:42:43",1632080563.0,12.85
"2021-09-19T22:42:59",1632084179.0,12.81
"2021-09-19T23:43:14",1632087794.0,12.79
"2021-09-20T00:43:30",1632091410.0,12.77
"2021-09-20T01:43:45",1632095025.0,12.77
"2021-09-20T02:44:01",1632098641.0,12.75
"2021-09-20T03:44:16",1632102256.0,12.75
"2021-09-20T04:44:32",1632105872.0,12.72
"2021-09-20T05:44:47",1632109487.0,12.71
"2021-09-20T06:45:03",1632113103.0,12.69
"2021-09-20T07:45:18",1632116718.0,12.7
"2021-09-20T08:45:34",1632120334.0,12.87
"2021-09-20T09:45:49",1632123949.0,13.19
"2021-09-20T10:46:05",1632127565.0,14.63
"2021-09-20T11:46:20",1632131180.0,14.63
"2021-09-20T12:46:36",1632134796.0,13.97
"2021-09-20T13:46:51",1632138411.0,13.97
"2021-09-20T14:47:07",1632142027.0,13.96
"2021-09-20T15:47:22",1632145642.0,13.97
"2021-09-20T16:47:38",1632149258.0,13.97
"2021-09-20T17:47:53",1632152873.0,13.8
"2021-09-20T18:48:09",1632156489.0,13.16
"2021-09-20T19:48:24",1632160104.0,12.86
"2021-09-20T20:48:40",1632163720.0,12.82
"2021-09-20T21:48:55",1632167335.0,12.8
"2021-09-20T22:49:11",1632170951.0,12.75
"2021-09-20T23:49:26",1632174566.0,12.74
"2021-09-21T00:49:41",1632178181.0,12.714
"2021-09-21T00:49:41",1632178181.0,12.71
"2021-09-21T01:49:57",1632181797.0,12.69
"2021-09-21T02:50:12",1632185412.0,12.682
"2021-09-21T02:50:12",1632185412.0,12.68
"2021-09-21T03:50:28",1632189028.0,12.666
"2021-09-21T03:50:28",1632189028.0,12.67
"2021-09-21T04:50:43",1632192643.0,12.65
"2021-09-21T05:50:59",1632196259.0,12.618
"2021-09-21T05:50:59",1632196259.0,12.62
"2021-09-21T06:51:14",1632199874.0,12.618
"2021-09-21T06:51:14",1632199874.0,12.62
"2021-09-21T07:51:30",1632203490.0,12.618
"2021-09-21T07:51:30",1632203490.0,12.62
"2021-09-21T08:51:45",1632207105.0,12.762
"2021-09-21T08:51:45",1632207105.0,12.76
"2021-09-21T09:52:01",1632210721.0,13.266
"2021-09-21T09:52:01",1632210721.0,13.27
"2021-09-21T10:52:16",1632214336.0,14.61
"2021-09-21T11:52:32",1632217952.0,14.634
"2021-09-21T11:52:32",1632217952.0,14.63
"2021-09-21T12:52:47",1632221567.0,13.978
"2021-09-21T12:52:47",1632221567.0,13.98
"2021-09-21T13:53:03",1632225183.0,13.97
"2021-09-21T14:53:18",1632228798.0,13.97
"2021-09-21T15:53:34",1632232414.0,14.002
"2021-09-21T15:53:34",1632232414.0,14.0
"2021-09-21T16:53:49",1632236029.0,13.97
"2021-09-21T17:54:05",1632239645.0,13.97
"2021-09-21T18:54:20",1632243260.0,13.562
"2021-09-21T18:54:20",1632243260.0,13.56
"2021-09-21T19:54:36",1632246876.0,12.882
"2021-09-21T19:54:36",1632246876.0,12.88
"2021-09-21T20:54:51",1632250491.0,12.842
"2021-09-21T20:54:51",1632250491.0,12.84
"2021-09-21T21:55:07",1632254107.0,12.818
"2021-09-21T21:55:07",1632254107.0,12.82
"2021-09-21T22:55:22","",""
"2021-09-21T22:55:22",1632257722.0,12.75
"2021-09-21T23:55:38",1632261338.0,12.75
"2021-09-22T00:55:53",1632264953.0,12.74
"2021-09-22T01:56:09",1632268569.0,12.72
"2021-09-22T02:56:24",1632272184.0,12.69
"2021-09-22T03:56:39",1632275799.0,12.67
"2021-09-22T04:56:55",1632279415.0,12.63
"2021-09-22T05:57:10",1632283030.0,12.63
"2021-09-22T06:57:26",1632286646.0,12.62
"2021-09-22T07:57:41",1632290261.0,12.58
"2021-09-22T08:57:57",1632293877.0,12.7
"2021-09-22T09:58:12",1632297492.0,13.32
"2021-09-22T10:58:28",1632301108.0,14.44
"2021-09-22T11:58:43",1632304723.0,14.64
"2021-09-22T12:58:59",1632308339.0,13.97
"2021-09-22T13:59:14",1632311954.0,13.97
"2021-09-22T14:59:30",1632315570.0,13.97
"2021-09-22T15:59:45",1632319185.0,13.97
"2021-09-22T17:00:01",1632322801.0,13.98
"2021-09-22T18:00:16",1632326416.0,13.35
"2021-09-22T19:00:32",1632330032.0,12.88
"2021-09-22T20:00:47",1632333647.0,12.79
"2021-09-22T21:00:47",1632337247.0,12.15
"2021-09-22T22:00:47",1632340847.0,12.16
"2021-09-22T23:00:47",1632344447.0,12.05
"2021-09-23T00:00:47",1632348047.0,12.01
"2021-09-23T01:00:47",1632351647.0,12.01
"2021-09-23T02:00:47",1632355247.0,12.37
"2021-09-23T03:01:02",1632358862.0,12.37
"2021-09-23T04:01:17",1632362477.0,12.37
"2021-09-23T05:01:33",1632366093.0,12.39
"2021-09-23T06:01:48",1632369708.0,12.39
"2021-09-23T07:02:04",1632373324.0,12.37
"2021-09-23T08:02:19",1632376939.0,12.47
"2021-09-23T09:02:35",1632380555.0,12.65
"2021-09-23T10:02:50",1632384170.0,12.75
"2021-09-23T11:03:06",1632387786.0,13.39
"2021-09-23T12:03:21",1632391401.0,13.78
"2021-09-23T13:03:37",1632395017.0,13.61
"2021-09-23T14:03:52",1632398632.0,13.59
"2021-09-23T15:04:08",1632402248.0,13.49
"2021-09-23T16:04:23",1632405863.0,13.66
"2021-09-23T17:04:39",1632409479.0,13.12
"2021-09-23T18:04:54",1632413094.0,13.1
"2021-09-23T19:05:10",1632416710.0,12.83
"2021-09-23T20:05:25",1632420325.0,12.73
"2021-09-23T21:05:41",1632423941.0,12.7
"2021-09-23T22:05:56",1632427556.0,12.71
"2021-09-23T23:06:12",1632431172.0,12.68
"2021-09-24T00:06:27",1632434787.0,12.65
"2021-09-24T01:06:43",1632438403.0,12.62
"2021-09-24T02:06:58",1632442018.0,12.57
"2021-09-24T03:07:14",1632445634.0,12.53
"2021-09-24T04:07:29",1632449249.0,12.48
"2021-09-24T05:07:45",1632452865.0,12.46
"2021-09-24T06:08:00",1632456480.0,12.46
"2021-09-24T07:08:16",1632460096.0,12.43
"2021-09-24T08:08:31",1632463711.0,12.47
"2021-09-24T09:08:46",1632467326.0,12.55
"2021-09-24T10:09:02",1632470942.0,12.83
"2021-09-24T11:09:17",1632474557.0,13.32
"2021-09-24T12:09:33",1632478173.0,14.33
"2021-09-24T13:09:48",1632481788.0,13.68
"2021-09-24T14:10:04",1632485404.0,14.61
"2021-09-24T15:10:19",1632489019.0,13.77
"2021-09-24T16:10:35",1632492635.0,13.63
"2021-09-24T17:10:50",1632496250.0,13.18
"2021-09-24T18:11:06",1632499866.0,13.0
"2021-09-24T19:11:21",1632503481.0,12.94
"2021-09-24T20:11:37",1632507097.0,12.85
"2021-09-24T21:11:52",1632510712.0,12.8
"2021-09-24T22:12:08",1632514328.0,12.78
"2021-09-24T23:12:23",1632517943.0,12.75
"2021-09-25T00:12:39",1632521559.0,12.72
"2021-09-25T01:12:54",1632525174.0,12.72
"2021-09-25T02:13:10",1632528790.0,12.7
"2021-09-25T03:13:25",1632532405.0,12.69
"2021-09-25T04:13:41",1632536021.0,12.69
"2021-09-25T05:13:56",1632539636.0,12.68
"2021-09-25T06:14:12",1632543252.0,12.65
"2021-09-25T07:14:27",1632546867.0,12.63
"2021-09-25T08:14:43",1632550483.0,12.62
"2021-09-25T09:14:58",1632554098.0,12.79
"2021-09-25T10:15:14",1632557714.0,12.85
"2021-09-25T11:15:29",1632561329.0,13.07
"2021-09-25T12:15:45",1632564945.0,13.15
"2021-09-25T13:16:00",1632568560.0,13.49
"2021-09-25T14:16:16",1632572176.0,13.75
"2021-09-25T15:16:31",1632575791.0,13.47
"2021-09-25T16:16:47",1632579407.0,13.55
"2021-09-25T17:17:02",1632583022.0,13.6
"2021-09-25T18:17:17",1632586637.0,13.35
"2021-09-25T19:17:33",1632590253.0,12.9
"2021-09-25T20:17:48",1632593868.0,12.81
"2021-09-25T21:18:04",1632597484.0,12.79
"2021-09-25T22:18:19",1632601099.0,12.73
"2021-09-25T23:18:35",1632604715.0,12.69
"2021-09-26T00:18:50",1632608330.0,12.69
"2021-09-26T01:19:06",1632611946.0,12.63
"2021-09-26T02:19:21",1632615561.0,12.61
"2021-09-26T03:19:37",1632619177.0,12.59
"2021-09-26T04:19:52",1632622792.0,12.57
"2021-09-26T05:20:08",1632626408.0,12.56
"2021-09-26T06:20:23",1632630023.0,12.54
"2021-09-26T07:20:39",1632633639.0,12.5
"2021-09-26T08:20:54",1632637254.0,12.5
"2021-09-26T09:21:10",1632640870.0,12.58
"2021-09-26T10:21:25",1632644485.0,12.87
"2021-09-26T11:21:41",1632648101.0,13.4
"2021-09-26T12:21:56",1632651716.0,13.97
"2021-09-26T13:22:12",1632655332.0,13.97
"2021-09-26T14:22:27",1632658947.0,14.66
"2021-09-26T15:22:43",1632662563.0,13.88
"2021-09-26T16:22:58",1632666178.0,13.84
"2021-09-26T17:23:14",1632669794.0,13.68
"2021-09-26T18:23:29",1632673409.0,13.38
"2021-09-26T19:23:31",1632677011.0,12.65
"2021-09-26T20:23:31",1632680611.0,12.01
"2021-09-26T21:23:31",1632684211.0,12.31
"2021-09-26T22:23:31",1632687811.0,12.07
"2022-08-27T19:45:41",1661622341,12.22149658
"2022-08-27T21:45:41",1661629541,11.92413616
"2022-08-27T23:45:41",1661636741,12.22999287
"2022-08-28T01:45:57",1661643957,12.31920052
"2022-08-28T03:46:12",1661651172,12.35743141
"2022-08-28T05:46:28",1661658388,12.35318375
"2022-08-28T07:46:43",1661665603,12.47212791
"2022-08-28T09:46:59",1661672819,13.3217268
"2022-08-28T11:47:14",1661680034,13.20278454
"2022-08-28T13:47:30",1661687250,13.18579102
"2022-08-28T15:47:45",1661694465,13.0541029
"2022-08-28T17:47:45",1661701665,12.62505627
"2022-08-28T19:48:00",1661708880,12.25547981
"2022-08-28T21:48:16",1661716096,12.5570879
"2022-08-28T23:48:31",1661723311,12.54859161
"2022-08-29T01:48:47",1661730527,12.5061121
"2022-08-29T03:49:02",1661737742,12.51460838
"2022-08-29T05:49:18",1661744958,12.50186348
"2022-08-29T07:49:34",1661752174,12.51460838
"2022-08-29T09:49:49",1661759389,13.21127892
"2022-08-29T11:50:05",1661766605,13.03711128
"2022-08-29T13:50:20",1661773820,13.36845589
"2022-08-29T15:50:36",1661781036,13.66156769
"2022-08-29T17:50:51",1661788251,13.16880035
"2022-08-29T19:51:07",1661795467,12.92241669
"2022-08-29T21:51:22",1661802682,12.76099205
"2022-08-29T23:51:38",1661809898,12.71426296
"2022-08-30T01:51:53",1661817113,12.71426296
"2022-08-30T03:52:09",1661824329,12.68877506
"2022-08-30T05:52:24",1661831544,12.69302464
"2022-08-30T07:52:40",1661838760,12.76948738
"2022-08-30T09:52:55",1661845975,13.66156769
"2022-08-30T11:53:11",1661853191,13.76351929
"2022-08-30T13:53:26",1661860406,13.86122417
"2022-08-30T15:53:42",1661867622,13.93343925
"2022-08-30T17:53:57",1661874837,13.48315144
"2022-08-30T19:54:13",1661882053,13.17729664
"2022-08-30T21:54:28",1661889268,12.97764015
"2022-08-30T23:54:44",1661896484,12.93091106
"2022-08-31T01:54:59",1661903699,12.90967274
"2022-08-31T03:55:15",1661910915,12.89268017
"2022-08-31T05:55:30",1661918130,12.89692688
"2022-08-31T07:55:46",1661925346,12.96064758
"2022-08-31T09:56:01",1661932561,13.98866463
"2022-08-31T11:56:17",1661939777,14.1968174
"2022-08-31T13:56:33",1661946993,14.3242569
"2022-08-31T15:56:48",1661954208,14.27752876
"2022-08-31T17:57:04",1661961424,14.36248779
"2022-08-31T19:57:19",1661968639,13.29623985
"2022-08-31T21:57:35",1661975855,13.15180779
"2022-08-31T23:57:50",1661983070,13.13481617
"2022-09-01T01:58:06",1661990286,13.08808708
"2022-09-01T03:58:21",1661997501,13.05835152
"2022-09-01T05:58:37",1662004717,13.10083199
"2022-09-01T07:58:52",1662011932,13.11357594
"2022-09-01T09:59:08",1662019148,14.57913685
"2022-09-01T11:59:23",1662026363,14.85100746
"2022-09-01T13:59:39",1662033579,14.14159203
"2022-09-01T15:59:54",1662040794,14.18831921
"2022-09-01T18:00:10",1662048010,14.20955944
"2022-09-01T20:00:25",1662055225,13.41943169
"2022-09-01T22:00:41",1662062441,13.24951172
"2022-09-02T00:00:56",1662069656,13.18579102
"2022-09-02T02:01:12",1662076872,13.17304802
"2022-09-02T04:01:27",1662084087,13.11357594
"2022-09-02T06:01:43",1662091303,13.14331245
"2022-09-02T08:01:59",1662098519,13.25375938
"2022-09-02T10:02:14",1662105734,14.83401489
"2022-09-02T12:02:30",1662112950,14.18407249
"2022-09-02T14:02:45",1662120165,14.13309669
"2022-09-02T16:03:01",1662127381,14.13734436
"2022-09-02T18:03:16",1662134596,14.13734436
"2022-09-02T20:03:32",1662141812,12.65479088
"2022-09-02T22:03:47",1662149027,12.70151997
"2022-09-02T23:18:01",1662153481,12.33619118
"2022-09-03T00:04:03",1662156243,12.53159904
"2022-09-03T01:18:16",1662160696,12.40840721
"2022-09-03T03:18:32",1662167912,12.70151997
"2022-09-03T05:18:47",1662175127,12.68027973
"2022-09-03T07:19:03",1662182343,12.66328716
"2022-09-03T09:19:18",1662189558,13.48315144
"2022-09-03T11:19:18",1662196758,13.77201557
"2022-09-03T13:19:18",1662203958,13.72104073
"2022-09-03T15:19:18",1662211158,13.59360027
"2022-09-03T17:19:34",1662218374,13.89520741
"2022-09-03T19:19:49",1662225589,13.34721565
"2022-09-03T21:20:05",1662232805,13.09658337
"2022-09-03T23:20:20",1662240020,13.08383942
"2022-09-04T01:20:36",1662247236,13.07534313
"2022-09-04T03:20:52",1662254452,13.04560661
"2022-09-04T05:21:07",1662261667,13.03286266
"2022-09-04T07:21:23",1662268883,13.04560661
"2022-09-04T09:21:38",1662276098,14.15008831
"2022-09-04T11:21:54",1662283314,14.60887337
"2022-09-04T13:22:09",1662290529,14.80852699
"2022-09-04T15:22:25",1662297745,14.16283226
"2022-09-04T17:22:40",1662304960,14.18832111
"2022-09-04T19:22:56",1662312176,13.72104073
"2022-09-04T21:23:11",1662319391,13.258008
"2022-09-04T23:23:27",1662326607,13.20278358
"2022-09-05T01:23:43",1662333823,13.1942873
"2022-09-05T03:23:58",1662341038,13.17304802
"2022-09-05T05:24:14",1662348254,13.16880035
"2022-09-05T07:24:29",1662355469,13.15180779
"2022-09-05T09:24:45",1662362685,14.83826256
"2022-09-05T11:25:00",1662369900,14.16283226
"2022-09-05T13:25:16",1662377116,14.17132854
"2022-09-05T15:25:32",1662384332,14.15858459
"2022-09-05T17:25:47",1662391547,14.18832111
"2022-09-05T19:26:03",1662398763,13.91219902
"2022-09-05T21:26:18",1662405978,13.27499962
"2022-09-05T23:26:34",1662413194,13.21552753
"2022-09-06T01:26:49",1662420409,13.17304802
"2022-09-06T03:27:05",1662427625,13.17729664
"2022-09-06T05:27:20",1662434840,13.16455269
"2022-09-06T07:27:36",1662442056,13.15180779
"2022-09-06T09:27:51",1662449271,14.81702232
"2022-09-06T11:28:07",1662456487,14.15008831
"2022-09-06T13:28:22",1662463702,14.16283226
"2022-09-06T15:28:38",1662470918,14.16708088
"2022-09-06T17:28:53",1662478133,14.18832111
"2022-09-06T19:29:09",1662485349,13.86547279
"2022-09-06T21:29:25",1662492565,13.33022499
"2022-09-06T23:29:40",1662499780,13.1815443
"2022-09-07T01:29:56",1662506996,13.18154335
"2022-09-07T03:30:11",1662514211,13.16880035
"2022-09-07T05:30:27",1662521427,13.13906384
"2022-09-07T07:30:42",1662528642,13.09233665
"2022-09-07T09:30:58",1662535858,14.82127094
"2022-09-07T11:31:13",1662543073,14.15008831
"2022-09-07T13:31:29",1662550289,14.15858459
"2022-09-07T15:31:45",1662557505,14.16708088
"2022-09-07T17:32:00",1662564720,14.15433693
"2022-09-07T19:32:16",1662571936,14.12460041
"2022-09-07T21:32:31",1662579151,13.48315144
"2022-09-07T23:32:47",1662586367,13.21552753
"2022-09-08T01:33:02",1662593582,13.19003868
"2022-09-08T03:33:18",1662600798,13.14756012
"2022-09-08T05:33:33",1662608013,13.1178236
"2022-09-08T07:33:49",1662615229,13.11357594
"2022-09-08T09:34:05",1662622445,13.19853497
"2022-09-08T11:34:20",1662629660,14.82976723
"2022-09-08T13:34:36",1662636876,14.14584064
"2022-09-08T15:34:51",1662644091,14.15858459
"2022-09-08T17:35:07",1662651307,14.17132854
"2022-09-08T19:35:22",1662658522,14.17557716
"2022-09-08T21:35:38",1662665738,13.52138329
"2022-09-08T23:35:53",1662672953,13.23676777
"2022-09-09T01:36:09",1662680169,13.16455269
"2022-09-09T03:36:24",1662687384,13.12631989
"2022-09-09T05:36:40",1662694600,13.09658337
"2022-09-09T07:36:56",1662701816,13.07109547
"2022-09-09T09:37:11",1662709031,14.83826256
"2022-09-09T11:37:27",1662716247,14.13309669
"2022-09-09T13:37:42",1662723462,14.13734436
"2022-09-09T15:37:58",1662730678,14.15008831
"2022-09-09T17:38:13",1662737893,14.14584064
"2022-09-09T19:38:29",1662745109,14.15858459
"2022-09-09T21:38:45",1662752325,13.69130421
"2022-09-09T23:39:00",1662759540,13.31747913
"2022-09-10T01:39:16",1662766756,13.18579102
"2022-09-10T03:39:31",1662773971,13.1178236
"2022-09-10T05:39:47",1662781187,13.13056755
"2022-09-10T07:40:02",1662788402,13.06259918
"2022-09-10T09:40:18",1662795618,13.26650429
"2022-09-10T11:40:33",1662802833,14.82976723
"2022-09-10T13:40:49",1662810049,14.15008831
"2022-09-10T15:41:04",1662817264,14.15858459
"2022-09-10T17:41:20",1662824480,14.16708088
"2022-09-10T19:41:35",1662831695,14.07787132
"2022-09-10T21:41:51",1662838911,13.60634327
"2022-09-10T23:42:07",1662846127,13.33447266
"2022-09-11T01:42:22",1662853342,13.1560564
"2022-09-11T03:42:38",1662860558,13.10083199
"2022-09-11T05:42:53",1662867773,13.0541029
"2022-09-11T07:43:09",1662874989,13.02436638
"2022-09-11T09:43:24",1662882204,14.81277466
"2022-09-11T11:43:40",1662889420,14.15433693
"2022-09-11T13:43:55",1662896635,14.16283226
"2022-09-11T15:44:11",1662903851,14.18407249
"2022-09-11T17:44:27",1662911067,14.17557716
"2022-09-11T19:44:42",1662918282,14.16283226
"2022-09-11T21:44:58",1662925498,13.76351929
"2022-09-11T23:45:13",1662932713,13.37270355
"2022-09-12T01:45:29",1662939929,13.18579102
"2022-09-12T03:45:44",1662947144,13.10083199
"2022-09-12T05:46:00",1662954360,13.04136086
"2022-09-12T07:46:16",1662961576,13.01587105
"2022-09-12T09:46:31",1662968791,13.67006397
"2022-09-12T11:46:47",1662976007,14.82976723
"2022-09-12T13:47:02",1662983222,14.16283226
"2022-09-12T15:47:18",1662990438,14.18831921
"2022-09-12T17:47:33",1662997653,14.16708088
"2022-09-12T19:47:49",1663004869,14.11610413
"2022-09-12T21:48:04",1663012084,13.74652672
"2022-09-12T23:48:20",1663019300,13.38119984
"2022-09-13T01:48:35",1663026515,13.20703125
"2022-09-13T03:48:51",1663033731,13.08808708
"2022-09-13T05:49:07",1663040947,13.04135895
"2022-09-13T07:49:22",1663048162,13.02011871
"2022-09-13T09:49:38",1663055378,13.28774452
"2022-09-13T11:49:53",1663062593,14.80852795
"2022-09-13T13:50:09",1663069809,14.12035179
"2022-09-13T15:50:25",1663077025,14.15008831
"2022-09-13T17:50:40",1663084240,14.14159203
"2022-09-13T19:50:56",1663091456,14.16283226
"2022-09-13T21:51:11",1663098671,13.78475952
"2022-09-13T23:51:27",1663105887,13.41518402
"2022-09-14T01:51:42",1663113102,13.19853497
"2022-09-14T03:51:58",1663120318,13.10083199
"2022-09-14T05:52:13",1663127533,13.07109547
"2022-09-14T07:52:29",1663134749,13.01162434
"2022-09-14T09:52:44",1663141964,13.20703125
"2022-09-14T11:53:00",1663149180,14.82551861
"2022-09-14T13:53:15",1663156395,14.15858459
"2022-09-14T15:53:31",1663163611,14.15433693
"2022-09-14T17:53:47",1663170827,14.15858459
"2022-09-14T19:54:02",1663178042,14.14584064
"2022-09-14T21:54:18",1663185258,13.81024742
"2022-09-14T23:54:33",1663192473,13.4619112
"2022-09-15T01:54:49",1663199689,13.24101543
"2022-09-15T03:55:04",1663206904,13.10507965
"2022-09-15T05:55:20",1663214120,13.02436638
"2022-09-15T07:55:36",1663221336,12.9903841
"2022-09-15T09:55:51",1663228551,13.16455269
"2022-09-15T11:56:07",1663235767,14.82127094
"2022-09-15T13:56:22",1663242982,14.15008831
"2022-09-15T15:56:38",1663250198,14.13734436
"2022-09-15T17:56:53",1663257413,14.13734436
"2022-09-15T19:57:09",1663264629,14.15858459
"2022-09-15T21:57:24",1663271844,13.755023
"2022-09-15T23:57:40",1663279060,13.43642426
"2022-09-16T01:57:55",1663286275,13.2197752
"2022-09-16T03:58:11",1663293491,13.07959175
"2022-09-16T05:58:27",1663300707,13.01587105
"2022-09-16T07:58:42",1663307922,12.96064758
"2022-09-16T09:58:58",1663315138,13.10083199
"2022-09-16T11:59:13",1663322353,14.83826256
"2022-09-16T13:59:29",1663329569,14.15433693
"2022-09-16T15:59:44",1663336784,14.20106316
"2022-09-16T18:00:00",1663344000,14.17557526
"2022-09-16T20:00:16",1663351216,14.16283226
"2022-09-16T22:00:31",1663358431,13.85272789
"2022-09-17T00:00:47",1663365647,13.51288795
"2022-09-17T02:01:02",1663372862,13.27499962
"2022-09-17T04:01:18",1663380078,13.0923357
"2022-09-17T06:01:33",1663387293,13.00737572
"2022-09-17T08:01:49",1663394509,12.93091106
"2022-09-17T10:02:04",1663401724,13.05835152
"2022-09-17T12:02:20",1663408940,14.80852699
"2022-09-17T14:02:36",1663416156,14.12460041
"2022-09-17T16:02:51",1663423371,14.15008831
"2022-09-17T18:03:07",1663430587,14.18832111
"2022-09-17T20:03:22",1663437802,14.08636761
"2022-09-17T22:03:38",1663445018,13.86547279
"2022-09-18T00:03:53",1663452233,13.53412819
"2022-09-18T02:04:09",1663459449,13.27499962
"2022-09-18T04:04:25",1663466665,13.10932732
"2022-09-18T06:04:40",1663473880,12.96914387
"2022-09-18T08:04:56",1663481096,12.93940735
"2022-09-18T10:05:11",1663488311,12.97764015
"2022-09-18T12:05:27",1663495527,14.82552052
"2022-09-18T14:05:42",1663502742,14.14584064
"2022-09-18T16:05:58",1663509958,14.14159203
"2022-09-18T18:06:14",1663517174,14.13309669
"2022-09-18T20:06:29",1663524389,14.12884808
"2022-09-18T22:06:45",1663531605,13.87821674
"2022-09-19T00:07:00",1663538820,13.56386375
"2022-09-19T02:07:16",1663546036,13.27075195
"2022-09-19T04:07:31",1663553251,13.13906384
"2022-09-19T06:07:47",1663560467,13.00737572
"2022-09-19T08:08:03",1663567683,12.93940735
"2022-09-19T10:08:18",1663574898,12.90967274
"2022-09-19T12:08:34",1663582114,14.82127094
"2022-09-19T14:08:49",1663589329,14.15858459
"2022-09-19T16:09:05",1663596545,14.16708088
"2022-09-19T18:09:20",1663603760,14.18407249
"2022-09-19T20:09:36",1663610976,14.13734436
"2022-09-19T22:09:51",1663618191,13.94193554
"2022-09-20T00:10:07",1663625407,13.55961609
"2022-09-20T02:10:23",1663632623,13.28349495
"2022-09-20T04:10:38",1663639838,13.13056755
"2022-09-20T06:10:54",1663647054,13.02011871
"2022-09-20T08:11:09",1663654269,12.93091106
"2022-09-20T10:11:25",1663661485,12.87993431
"2022-09-20T12:11:41",1663668701,14.82976723
"2022-09-20T14:11:56",1663675916,14.14159203
"2022-09-20T16:12:12",1663683132,14.17132759
"2022-09-20T18:12:27",1663690347,14.14159203
"2022-09-20T20:12:43",1663697563,14.11610413
"2022-09-20T22:12:58",1663704778,13.96317577
"2022-09-21T00:13:14",1663711994,13.58085632
"2022-09-21T02:13:29",1663719209,13.33872032
"2022-09-21T04:13:45",1663726425,13.12631989
"2022-09-21T06:14:00",1663733640,13.02011871
"2022-09-21T08:14:16",1663740856,12.93940735
"2022-09-21T10:14:32",1663748072,12.90117645
"2022-09-21T12:14:47",1663755287,15.05916023
"2022-09-21T14:15:03",1663762503,14.84675884
"2022-09-21T16:15:18",1663769718,14.14159203
"2022-09-21T18:15:34",1663776934,14.15008831
"2022-09-21T20:15:50",1663784150,14.16708088
"2022-09-21T22:16:05",1663791365,13.95043182
"2022-09-22T00:16:21",1663798581,13.54687214
"2022-09-22T02:16:36",1663805796,13.37270355
"2022-09-22T04:16:52",1663813012,13.14756012
"2022-09-22T06:17:07",1663820227,13.01587105
"2022-09-22T08:17:23",1663827443,12.90542316
"2022-09-22T10:17:38",1663834658,12.87143993
"2022-09-22T12:17:54",1663841874,14.82976723
"2022-09-22T14:18:10",1663849090,14.12035179
"2022-09-22T16:18:25",1663856305,14.15008831
"2022-09-22T18:18:41",1663863521,14.19256783
"2022-09-22T20:18:56",1663870736,14.18407249
"2022-09-22T22:19:12",1663877952,14.01840019
"2022-09-23T00:19:28",1663885168,13.60634327
"2022-09-23T02:19:43",1663892383,13.33447075
"2022-09-23T04:19:59",1663899599,13.16030407
"2022-09-23T06:20:14",1663906814,13.01162434
"2022-09-23T08:20:30",1663914030,12.9266634
"2022-09-23T10:20:45",1663921245,12.89267921
"2022-09-23T12:21:01",1663928461,14.82551861
"2022-09-23T14:21:16",1663935676,14.12460041
"2022-09-23T16:21:32",1663942892,14.16708088
"2022-09-23T18:21:47",1663950107,14.14159203
"2022-09-23T20:22:03",1663957323,14.12884808
"2022-09-23T22:22:19",1663964539,13.86547279
"2022-09-24T00:22:34",1663971754,13.51713562
"2022-09-24T02:22:50",1663978970,13.29623985
"2022-09-24T04:23:05",1663986185,13.10932732
"2022-09-24T06:23:21",1663993401,13.00737572
"2022-09-24T08:23:37",1664000617,12.9266634
"2022-09-24T10:23:52",1664007832,12.90542412
"2022-09-24T12:24:08",1664015048,14.71082306
"2022-09-24T14:24:23",1664022263,14.79153633
"2022-09-24T16:24:39",1664029479,14.16708088
"2022-09-24T18:24:54",1664036694,14.15858459
"2022-09-24T20:25:10",1664043910,14.17982483
"2022-09-24T22:25:25",1664051125,14.02264881
"2022-09-25T00:25:41",1664058341,13.64032936
"2022-09-25T02:25:57",1664065557,13.3217268
"2022-09-25T04:26:12",1664072772,13.14331245
"2022-09-25T06:26:28",1664079988,13.015872
"2022-09-25T08:26:43",1664087203,12.93940735
"2022-09-25T10:26:59",1664094419,12.87143993
"2022-09-25T12:27:14",1664101634,14.85100746
"2022-09-25T14:27:30",1664108850,14.15008831
"2022-09-25T15:55:11",1664114111,14.14159203
"2022-09-25T16:27:46",1664116066,14.14159203
"2022-09-25T18:28:01",1664123281,14.14584064
