t,ts,v
"2023-03-25T16:36:11",1679754971,12.806958
"2023-03-25T18:36:27",1679762187,12.806956
"2023-03-25T20:36:43",1679769403,12.403486
"2023-03-25T22:36:58",1679776618,11.939278
"2023-03-26T00:37:14",1679783834,11.778756
"2023-03-26T02:37:29",1679791049,12.603052
"2023-03-26T04:37:45",1679798265,12.607389
"2023-03-26T06:38:00",1679805480,12.533638
"2023-03-26T08:38:16",1679812696,12.550991
"2023-03-26T10:38:31",1679819911,12.859018
"2023-03-26T12:38:47",1679827127,14.277675
"2023-03-26T14:39:02",1679834342,13.553162
"2023-03-26T16:39:18",1679841558,13.622576
"2023-03-26T18:39:33",1679848773,13.479410
"2023-03-26T20:39:49",1679855989,12.941447
"2023-03-26T22:40:04",1679863204,12.863356
"2023-03-27T00:40:20",1679870420,12.793941
"2023-03-27T02:40:35",1679877635,12.776588
"2023-03-27T04:40:51",1679884851,12.746219
"2023-03-27T06:41:06",1679892066,12.685482
"2023-03-27T08:41:22",1679899282,12.898064
"2023-03-27T10:41:37",1679906497,13.678975
"2023-03-27T12:41:53",1679913713,13.492424
"2023-03-27T14:42:08",1679920928,13.635592
"2023-03-27T16:42:24",1679928144,13.622577
"2023-03-27T18:42:39",1679935359,13.470732
"2023-03-27T20:42:55",1679942575,12.750559
"2023-03-27T22:43:11",1679949791,12.724527
"2023-03-28T00:43:26",1679957006,12.659451
"2023-03-28T02:43:42",1679964222,12.650774
"2023-03-28T04:43:57",1679971437,12.624743
"2023-03-28T06:45:19",1679978719,12.559668
"2023-03-28T08:45:34",1679985934,13.678976
"2023-03-28T10:45:50",1679993150,13.917587
"2023-03-28T12:46:05",1680000365,13.531469
"2023-03-28T14:46:21",1680007581,13.540146
"2023-03-28T16:46:37",1680014797,13.544485
"2023-03-28T18:46:52",1680022012,13.110644
"2023-03-28T20:47:08",1680029228,12.780927
"2023-03-28T22:47:23",1680036443,12.676805
"2023-03-29T00:47:39",1680043659,12.607389
"2023-03-29T02:47:54",1680050874,12.537977
"2023-03-29T04:48:10",1680058090,12.498930
"2023-03-29T06:48:25",1680065305,12.472900
"2023-03-29T08:48:41",1680072521,12.681143
"2023-03-29T10:48:56",1680079736,14.221275
"2023-03-29T12:49:12",1680086952,13.548823
"2023-03-29T14:49:27",1680094167,13.609561
"2023-03-29T16:49:43",1680101383,13.609560
"2023-03-29T18:49:59",1680108599,12.932770
"2023-03-29T20:50:14",1680115814,12.403485
"2023-03-29T22:50:30",1680123030,12.429517
"2023-03-30T00:50:45",1680130245,12.624743
"2023-03-30T02:51:01",1680137461,12.659451
"2023-03-30T04:51:16",1680144676,11.965307
"2023-03-30T06:51:32",1680151892,12.247304
"2023-03-30T08:51:47",1680159107,13.002185
"2023-03-30T10:52:03",1680166323,14.481580
"2023-03-30T12:52:18",1680173538,13.019539
"2023-03-30T14:52:34",1680180754,13.744051
"2023-03-30T16:52:49",1680187969,13.804789
"2023-03-30T18:53:05",1680195185,13.826482
"2023-03-30T20:53:21",1680202401,12.555330
"2023-03-30T22:53:36",1680209616,12.776588
"2023-03-31T00:53:52",1680216832,12.637758
"2023-03-31T02:54:07",1680224047,12.164873
"2023-03-31T04:54:23",1680231263,12.663790
"2023-03-31T06:54:38",1680238478,12.585698
"2023-03-31T08:54:54",1680245694,12.754896
"2023-03-31T10:55:10",1680252910,14.507609
"2023-03-31T12:55:25",1680260125,13.722361
"2023-03-31T14:55:41",1680267341,13.861188
"2023-03-31T16:55:56",1680274556,13.544485
"2023-03-31T18:56:12",1680281772,13.401319
"2023-03-31T20:56:27",1680288987,12.741880
"2023-03-31T22:56:43",1680296203,12.056414
"2023-04-01T00:56:59",1680303419,12.216935
"2023-04-01T02:57:14",1680310634,12.585699
"2023-04-01T04:57:30",1680317850,12.407825
"2023-04-01T06:57:45",1680325065,12.138844
"2023-04-01T08:58:01",1680332281,12.919756
"2023-04-01T10:58:17",1680339497,14.234291
"2023-04-01T12:58:32",1680346712,14.464226
"2023-04-01T14:58:48",1680353928,13.609561
"2023-04-01T16:59:03",1680361143,13.848172
"2023-04-01T18:59:19",1680368359,12.793942
"2023-04-01T20:59:34",1680375574,12.199580
"2023-04-01T22:59:50",1680382790,12.425179
"2023-04-02T01:00:06",1680390006,12.537976
"2023-04-02T03:00:21",1680397221,12.485916
"2023-04-02T05:00:37",1680404437,12.507607
"2023-04-02T07:00:53",1680411653,12.511946
"2023-04-02T09:01:08",1680418868,13.002185
"2023-04-02T11:01:24",1680426084,14.511948
"2023-04-02T13:01:39",1680433299,13.852511
"2023-04-02T15:01:55",1680440515,13.869865
"2023-04-02T14:34:38",1680438878,14.004356
"2023-04-02T16:34:52",1680446092,13.939280
"2023-04-02T18:35:08",1680453308,13.540146
"2023-04-02T20:35:23",1680460523,12.785265
"2023-04-02T22:35:39",1680467739,12.724527
"2023-04-03T00:35:55",1680474955,12.659452
"2023-04-03T02:36:10",1680482170,12.607390
"2023-04-03T04:36:26",1680489386,12.295026
"2023-04-03T06:36:48",1680496608,12.416501
"2023-04-03T08:37:04",1680503824,14.451210
"2023-04-03T10:37:20",1680511040,13.926264
"2023-04-03T12:37:35",1680518255,13.930603
"2023-04-03T14:37:51",1680525471,13.835157
"2023-04-03T16:38:06",1680532686,13.952295
"2023-04-03T18:38:22",1680539902,13.657283
"2023-04-03T20:38:38",1680547118,12.720189
"2023-04-03T22:38:53",1680554333,12.169212
"2023-04-04T00:39:09",1680561549,12.143182
"2023-04-04T02:39:24",1680568764,12.676805
"2023-04-04T04:39:40",1680575980,12.429517
"2023-04-04T06:39:55",1680583195,12.355763
"2023-04-04T08:40:11",1680590411,13.791774
"2023-04-04T10:40:27",1680597627,13.900235
"2023-04-04T12:40:42",1680604842,13.644269
"2023-04-04T14:40:58",1680612058,13.913249
"2023-04-04T16:41:13",1680619273,13.462054
"2023-04-04T18:41:29",1680626489,13.770082
"2023-04-04T20:41:45",1680633705,12.750559
"2023-04-04T22:42:00",1680640920,12.733205
"2023-04-05T00:42:16",1680648136,12.642097
"2023-04-05T02:42:31",1680655351,12.546653
"2023-04-05T04:42:47",1680662567,11.826479
"2023-04-05T06:43:02",1680669782,12.013031
"2023-04-05T08:43:18",1680676998,14.520625
"2023-04-05T10:43:34",1680684214,13.921926
"2023-04-05T12:43:49",1680691429,13.973987
"2023-04-05T14:44:05",1680698645,13.913248
"2023-04-05T16:44:20",1680705860,13.987002
"2023-04-05T18:44:36",1680713076,13.318889
"2023-04-05T20:44:51",1680720291,12.785265
"2023-04-05T22:45:07",1680727507,11.956631
"2023-04-06T00:45:23",1680734723,12.195243
"2023-04-06T02:45:38",1680741938,11.995676
"2023-04-06T04:45:54",1680749154,12.078107
"2023-04-06T06:46:10",1680756370,11.965307
"2023-04-06T08:46:25",1680763585,12.911077
"2023-04-06T10:46:41",1680770801,14.351428
"2023-04-06T12:46:56",1680778016,13.774420
"2023-04-06T14:47:12",1680785232,13.522794
"2023-04-06T16:47:27",1680792447,13.761404
"2023-04-06T18:47:43",1680799663,13.449040
"2023-04-06T20:47:59",1680806879,12.321057
"2023-04-06T22:48:14",1680814094,12.420839
"2023-04-07T00:48:30",1680821310,12.177889
"2023-04-07T02:48:45",1680828525,12.086782
"2023-04-07T04:49:01",1680835741,12.472900
"2023-04-07T06:49:16",1680842956,12.069429
"2023-04-07T08:49:32",1680850172,12.242965
"2023-04-07T10:49:48",1680857388,13.644269
"2023-04-07T12:50:03",1680864603,14.498934
"2023-04-07T14:50:19",1680871819,13.492424
"2023-04-07T16:50:34",1680879034,13.527132
"2023-04-07T18:50:50",1680886250,13.791774
"2023-04-07T20:51:06",1680893466,12.937109
"2023-04-07T22:51:21",1680900681,12.464223
"2023-04-08T00:51:37",1680907897,12.590036
"2023-04-08T02:51:52",1680915112,12.234289
"2023-04-08T04:52:08",1680922328,12.156197
"2023-04-08T06:52:23",1680929543,12.216934
"2023-04-08T08:52:39",1680936759,12.819972
"2023-04-08T10:52:55",1680943975,14.373120
"2023-04-08T12:53:10",1680951190,13.882879
"2023-04-08T14:53:26",1680958406,12.958801
"2023-04-08T16:53:41",1680965621,12.806956
"2023-04-08T18:53:57",1680972837,13.839496
"2023-04-08T20:54:13",1680980053,13.032555
"2023-04-08T22:54:28",1680987268,12.828649
"2023-04-09T00:54:44",1680994484,12.733204
"2023-04-09T02:54:59",1681001699,12.112813
"2023-04-09T04:55:15",1681008915,11.956631
"2023-04-09T06:55:31",1681016131,12.438192
"2023-04-09T08:55:46",1681023346,11.639927
"2023-04-09T10:56:02",1681030562,13.093290
"2023-04-09T12:56:17",1681037777,13.991341
"2023-04-09T14:56:33",1681044993,14.585701
"2023-04-09T16:56:48",1681052208,13.904573
"2023-04-09T18:57:04",1681059424,13.965311
"2023-04-09T20:57:20",1681066640,13.062922
"2023-04-09T22:57:35",1681073855,12.893724
"2023-04-10T00:57:51",1681081071,12.741882
"2023-04-10T02:58:06",1681088286,12.694159
"2023-04-10T04:58:22",1681095502,12.394810
"2023-04-10T06:58:38",1681102718,12.264658
"2023-04-10T08:58:53",1681109933,12.689821
"2023-04-10T10:59:09",1681117149,13.882879
"2023-04-10T12:59:24",1681124364,14.490255
"2023-04-10T14:59:40",1681131580,13.995679
"2023-04-10T16:59:55",1681138795,12.585698
"2023-04-10T19:00:11",1681146011,13.119322
"2023-04-10T21:00:27",1681153227,13.097629
"2023-04-10T23:00:42",1681160442,12.347087
"2023-04-11T01:00:58",1681167658,12.334071
"2023-04-11T03:01:13",1681174873,12.507607
"2023-04-11T05:01:29",1681182089,12.637758
"2023-04-11T07:01:45",1681189305,12.429517
"2023-04-11T09:02:00",1681196520,12.381794
"2023-04-11T11:02:16",1681203736,14.507609
"2023-04-11T13:02:31",1681210951,14.598717
"2023-04-11T15:02:47",1681218167,13.917587
"2023-04-11T17:03:03",1681225383,14.013033
"2023-04-11T19:03:18",1681232598,13.969648
"2023-04-11T21:03:34",1681239814,13.206088
"2023-04-11T23:03:49",1681247029,12.937109
"2023-04-12T01:04:05",1681254245,12.898062
"2023-04-12T03:04:20",1681261460,12.468562
"2023-04-12T05:04:36",1681268676,12.242965
"2023-04-12T07:04:52",1681275892,12.446871
"2023-04-12T09:05:07",1681283107,11.908908
"2023-04-12T11:05:23",1681290323,14.026047
"2023-04-12T13:05:38",1681297538,14.451210
"2023-04-12T15:05:54",1681304754,14.520625
"2023-04-12T17:06:10",1681311970,14.008695
"2023-04-12T19:06:25",1681319185,13.800450
"2023-04-12T21:06:41",1681326401,13.188736
"2023-04-12T23:06:56",1681333616,12.225611
"2023-04-13T01:07:12",1681340832,12.399148
"2023-04-13T03:07:28",1681348048,12.099798
"2023-04-13T05:07:43",1681355263,12.273334
"2023-04-13T07:07:59",1681362479,12.594376
"2023-04-13T09:08:14",1681369694,12.125828
"2023-04-13T11:08:30",1681376910,13.236460
"2023-04-13T13:08:45",1681384125,14.490255
"2023-04-13T15:09:01",1681391341,13.965311
"2023-04-13T17:09:17",1681398557,13.930601
"2023-04-13T19:09:32",1681405772,13.943617
"2023-04-13T21:09:48",1681412988,13.223444
"2023-04-13T23:10:03",1681420203,12.841664
"2023-04-14T01:10:19",1681427419,12.915416
"2023-04-14T03:10:35",1681434635,12.668128
"2023-04-14T05:10:50",1681441850,12.798281
"2023-04-14T07:11:06",1681449066,12.533638
"2023-04-14T09:11:21",1681456281,12.715851
"2023-04-14T11:11:37",1681463497,14.459888
"2023-04-14T13:11:53",1681470713,13.973987
"2023-04-14T15:12:08",1681477928,13.995679
"2023-04-14T17:12:24",1681485144,14.008695
"2023-04-14T19:12:39",1681492359,14.030386
"2023-04-14T18:29:49",1681489789,12.637759
"2023-04-14T20:30:24",1681497024,12.971815
"2023-04-14T22:30:24",1681504224,11.878539
"2023-04-15T00:30:24",1681511424,12.238626
"2023-04-15T02:30:40",1681518640,12.216934
"2023-04-15T04:30:56",1681525856,12.121490
"2023-04-15T06:31:11",1681533071,11.965306
"2023-04-15T08:31:27",1681540287,12.156199
"2023-04-15T10:31:42",1681547502,14.338412
"2023-04-15T12:31:58",1681554718,14.472902
"2023-04-15T14:32:14",1681561934,13.865526
"2023-04-15T16:32:29",1681569149,13.965311
"2023-04-15T18:32:45",1681576365,13.943619
"2023-04-15T20:33:00",1681583580,13.062922
"2023-04-15T22:33:16",1681590796,12.980494
"2023-04-16T00:33:31",1681598011,12.529300
"2023-04-16T02:33:47",1681605227,12.850340
"2023-04-16T04:34:03",1681612443,12.837326
"2023-04-16T06:34:18",1681619658,12.854680
"2023-04-16T08:34:34",1681626874,12.846003
"2023-04-16T10:34:49",1681634089,12.963140
"2023-04-16T12:35:05",1681641305,13.219106
"2023-04-16T14:35:21",1681648521,13.770082
"2023-04-16T16:35:21",1681655721,12.568346
"2023-04-16T18:35:37",1681662937,12.889386
"2023-04-16T20:35:52",1681670152,12.642097
"2023-04-16T22:36:08",1681677368,12.741880
"2023-04-17T00:36:24",1681684584,12.633421
"2023-04-17T02:36:39",1681691799,12.594376
"2023-04-17T04:36:55",1681699015,12.577023
"2023-04-17T06:37:10",1681706230,12.247304
"2023-04-17T08:37:26",1681713446,13.323227
"2023-04-17T10:37:41",1681720661,13.522794
"2023-04-17T12:37:57",1681727877,14.429518
"2023-04-17T14:38:13",1681735093,13.900233
"2023-04-17T16:38:28",1681742308,13.943617
"2023-04-17T18:38:44",1681749524,13.921926
"2023-04-17T20:38:59",1681756739,13.071600
"2023-04-17T22:39:15",1681763955,12.893725
"2023-04-18T00:39:31",1681771171,12.481577
"2023-04-18T02:39:46",1681778386,12.689820
"2023-04-18T04:40:02",1681785602,12.169211
"2023-04-18T06:40:18",1681792818,12.156197
"2023-04-18T08:40:33",1681800033,12.902402
"2023-04-18T10:40:49",1681807249,14.364443
"2023-04-18T12:41:04",1681814464,13.943619
"2023-04-18T14:41:20",1681821680,13.960971
"2023-04-18T16:41:35",1681828895,13.960973
"2023-04-18T18:41:51",1681836111,13.947955
"2023-04-18T20:42:07",1681843327,13.010861
"2023-04-18T22:42:22",1681850542,12.859018
"2023-04-19T00:42:38",1681857758,12.898062
"2023-04-19T02:42:53",1681864973,12.863356
"2023-04-19T04:43:09",1681872189,12.481577
"2023-04-19T06:43:24",1681879404,12.780927
"2023-04-19T08:43:40",1681886620,13.531469
"2023-04-19T10:43:56",1681893836,13.878542
"2023-04-19T12:44:11",1681901051,13.913248
"2023-04-19T14:44:27",1681908267,13.943617
"2023-04-19T16:44:43",1681915483,14.021708
"2023-04-19T18:44:58",1681922698,13.770082
"2023-04-19T20:45:14",1681929914,13.032555
"2023-04-19T22:45:29",1681937129,12.924093
"2023-04-20T00:45:45",1681944345,12.815634
"2023-04-20T02:46:00",1681951560,12.702835
"2023-04-20T04:46:16",1681958776,12.689820
"2023-04-20T06:46:32",1681965992,12.247304
"2023-04-20T08:46:47",1681973207,12.724527
"2023-04-20T10:47:03",1681980423,13.097631
"2023-04-20T12:47:18",1681987638,14.477242
"2023-04-20T14:47:34",1681994854,13.965311
"2023-04-20T16:47:50",1682002070,13.748390
"2023-04-20T18:48:05",1682009285,13.965311
"2023-04-20T20:48:21",1682016501,13.145352
"2023-04-20T22:48:36",1682023716,12.924093
"2023-04-21T00:48:52",1682030932,12.876370
"2023-04-21T02:49:08",1682038148,12.312380
"2023-04-21T04:49:23",1682045363,12.785265
"2023-04-21T06:49:39",1682052579,12.160536
"2023-04-21T08:49:54",1682059794,12.889386
"2023-04-21T10:50:10",1682067010,14.095462
"2023-04-21T12:50:26",1682074226,13.895895
"2023-04-21T14:50:41",1682081441,13.791773
"2023-04-21T16:50:57",1682088657,13.952295
"2023-04-21T18:51:12",1682095872,12.655113
"2023-04-21T20:51:28",1682103088,13.123660
"2023-04-21T22:51:44",1682110304,12.919756
"2023-04-22T00:51:59",1682117519,12.885050
"2023-04-22T02:52:15",1682124735,12.828649
"2023-04-22T04:52:30",1682131950,12.767912
"2023-04-22T06:52:46",1682139166,12.672466
"2023-04-22T08:53:02",1682146382,13.080276
"2023-04-22T10:53:17",1682153597,14.446872
"2023-04-22T12:53:33",1682160813,13.891558
"2023-04-22T14:53:48",1682168028,13.518456
"2023-04-22T16:54:04",1682175244,13.392641
"2023-04-22T18:54:19",1682182459,12.459885
"2023-04-22T20:54:35",1682189675,12.598714
"2023-04-22T22:54:51",1682196891,12.182228
"2023-04-23T00:55:06",1682204106,11.574852
"2023-04-23T02:55:22",1682211322,12.117151
"2023-04-23T04:55:38",1682218538,12.099797
"2023-04-23T06:55:53",1682225753,11.839495
"2023-04-23T08:56:09",1682232969,14.203921
"2023-04-23T10:56:25",1682240185,14.438194
"2023-04-23T12:56:40",1682247400,12.832988
"2023-04-23T14:56:56",1682254616,13.540148
"2023-04-23T16:57:11",1682261831,13.258150
"2023-04-23T18:57:27",1682269047,12.624744
"2023-04-23T20:57:42",1682276262,12.529299
"2023-04-23T22:57:58",1682283478,12.650774
"2023-04-24T00:58:14",1682290694,12.368778
"2023-04-24T02:58:29",1682297909,12.568346
"2023-04-24T04:58:45",1682305125,12.577022
"2023-04-24T06:59:00",1682312340,12.529300
"2023-04-24T08:59:16",1682319556,12.212596
"2023-04-24T10:59:31",1682326771,12.854678
"2023-04-24T12:59:47",1682333987,13.635592
"2023-04-24T15:00:03",1682341203,13.709345
"2023-04-24T17:00:18",1682348418,13.618237
"2023-04-24T19:00:34",1682355634,13.613899
"2023-04-24T21:00:50",1682362850,12.997847
"2023-04-24T23:01:05",1682370065,12.854680
"2023-04-25T01:01:21",1682377281,12.863356
"2023-04-25T03:01:36",1682384496,12.772250
"2023-04-25T05:01:52",1682391712,12.785265
"2023-04-25T07:02:07",1682398927,12.750559
"2023-04-25T09:02:23",1682406143,13.067261
"2023-04-25T11:02:39",1682413359,14.052078
"2023-04-25T13:02:54",1682420574,13.696329
"2023-04-25T15:03:10",1682427790,13.735374
"2023-04-25T17:03:25",1682435005,13.705007
"2023-04-25T19:03:41",1682442221,13.362272
"2023-04-25T21:03:57",1682449437,12.542315
"2023-04-25T23:04:12",1682456652,12.815634
"2023-04-26T01:04:28",1682463868,12.902402
"2023-04-26T03:04:44",1682471084,12.837326
"2023-04-26T05:04:59",1682478299,12.381794
"2023-04-26T07:05:15",1682485515,12.633421
"2023-04-26T09:05:30",1682492730,12.637759
"2023-04-26T11:05:46",1682499946,13.765744
"2023-04-26T13:06:01",1682507161,13.705005
"2023-04-26T15:06:17",1682514377,13.878542
"2023-04-26T17:06:33",1682521593,13.913248
"2023-04-26T19:06:48",1682528808,13.848172
"2023-04-26T21:07:04",1682536024,13.071599
"2023-04-26T23:07:19",1682543239,12.902402
"2023-04-27T01:07:35",1682550455,12.876371
"2023-04-27T03:07:51",1682557671,12.772250
"2023-04-27T05:08:06",1682564886,12.407825
"2023-04-27T07:08:22",1682572102,12.537976
"2023-04-27T09:08:37",1682579317,14.403488
"2023-04-27T11:08:53",1682586533,13.618237
"2023-04-27T13:09:09",1682593749,13.687653
"2023-04-27T15:09:24",1682600964,13.978327
"2023-04-27T17:09:40",1682608180,13.882879
"2023-04-27T19:09:55",1682615395,13.791774
"2023-04-27T21:10:11",1682622611,13.041231
"2023-04-27T23:10:27",1682629827,12.898062
"2023-04-28T01:10:42",1682637042,12.867694
"2023-04-28T03:10:58",1682644258,12.776587
"2023-04-28T05:11:13",1682651473,12.741880
"2023-04-28T07:11:29",1682658689,12.672466
"2023-04-28T09:11:45",1682665905,12.143183
"2023-04-28T11:12:00",1682673120,13.258150
"2023-04-28T13:12:16",1682680336,13.462054
"2023-04-28T15:12:31",1682687551,13.765744
"2023-04-28T17:12:47",1682694767,14.390472
"2023-04-28T19:13:03",1682701983,13.071600
"2023-04-28T21:13:18",1682709198,12.984831
"2023-04-28T23:13:34",1682716414,12.798281
"2023-04-29T01:13:49",1682723629,12.694159
"2023-04-29T03:14:05",1682730845,12.485915
"2023-04-29T05:14:21",1682738061,12.698496
"2023-04-29T07:14:36",1682745276,12.546652
"2023-04-29T09:14:52",1682752492,13.583529
"2023-04-29T11:15:07",1682759707,14.160538
"2023-04-29T13:15:23",1682766923,14.542317
"2023-04-29T15:15:39",1682774139,13.973987
"2023-04-29T17:15:54",1682781354,13.752728
"2023-04-29T16:08:38",1682777318,13.770082
"2023-04-29T18:08:38",1682784518,12.364441
"2023-04-29T20:08:38",1682791718,13.080276
"2023-04-29T22:08:38",1682798918,12.533637
"2023-04-30T00:08:54",1682806134,12.715850
"2023-04-30T02:09:09",1682813349,12.694159
"2023-04-30T04:09:25",1682820565,12.607389
"2023-04-30T06:09:41",1682827781,12.334072
"2023-04-30T08:09:56",1682834996,13.106306
"2023-04-30T10:10:12",1682842212,14.238627
"2023-04-30T12:10:27",1682849427,13.401317
"2023-04-30T14:10:43",1682856643,13.705005
"2023-04-30T16:10:43",1682863843,13.722361
"2023-04-30T18:10:43",1682871043,12.971817
"2023-04-30T20:10:58",1682878258,13.097629
"2023-04-30T22:11:14",1682885474,12.915418
"2023-05-01T00:11:30",1682892690,12.867694
"2023-05-01T02:11:45",1682899905,12.759234
"2023-05-01T04:12:01",1682907121,12.776588
"2023-05-01T06:12:16",1682914336,12.720190
"2023-05-01T08:12:32",1682921552,13.006525
"2023-05-01T10:12:48",1682928768,13.388303
"2023-05-01T12:13:03",1682935983,13.462056
"2023-05-01T14:13:19",1682943199,13.548823
"2023-05-01T16:13:35",1682950415,13.457716
"2023-05-01T18:13:50",1682957630,13.657283
"2023-05-01T20:14:06",1682964846,13.114983
"2023-05-01T22:14:21",1682972061,12.954462
"2023-05-02T00:14:37",1682979277,12.624743
"2023-05-02T02:14:52",1682986492,12.841664
"2023-05-02T04:15:08",1682993708,12.759234
"2023-05-02T06:15:24",1683000924,12.685482
"2023-05-02T08:15:39",1683008139,13.002185
"2023-05-02T10:15:55",1683015355,13.483747
"2023-05-02T12:16:10",1683022570,13.401319
"2023-05-02T14:16:26",1683029786,13.908910
"2023-05-02T16:16:42",1683037002,13.726698
"2023-05-02T18:16:57",1683044217,13.570516
"2023-05-02T20:17:13",1683051433,13.232120
"2023-05-02T22:17:29",1683058649,12.941447
"2023-05-03T00:17:44",1683065864,12.898064
"2023-05-03T02:18:00",1683073080,12.837326
"2023-05-03T04:18:15",1683080295,12.759234
"2023-05-03T06:18:31",1683087511,12.772250
"2023-05-03T08:18:46",1683094726,13.206091
"2023-05-03T10:19:02",1683101942,13.535808
"2023-05-03T12:19:18",1683109158,13.548823
"2023-05-03T14:19:33",1683116373,13.548823
"2023-05-03T16:19:49",1683123589,13.479408
"2023-05-03T18:20:04",1683130804,13.505438
"2023-05-03T20:20:20",1683138020,13.180059
"2023-05-03T22:20:36",1683145236,12.911077
"2023-05-04T00:20:51",1683152451,12.841664
"2023-05-04T02:21:07",1683159667,12.681143
"2023-05-04T04:21:23",1683166883,12.611729
"2023-05-04T06:21:38",1683174098,12.468562
"2023-05-04T08:21:54",1683181314,13.145352
"2023-05-04T10:22:09",1683188529,13.366611
"2023-05-04T12:22:25",1683195745,13.414332
"2023-05-04T14:22:41",1683202961,13.605222
"2023-05-04T16:22:56",1683210176,13.483747
"2023-05-04T18:23:12",1683217392,14.229953
"2023-05-04T20:23:27",1683224607,12.850342
"2023-05-04T22:23:43",1683231823,12.815634
"2023-05-05T00:23:43",1683239023,12.616068
"2023-05-05T02:23:58",1683246238,12.650774
"2023-05-05T04:24:14",1683253454,12.598714
"2023-05-05T06:24:29",1683260669,12.564007
"2023-05-05T08:24:45",1683267885,12.911077
"2023-05-05T10:24:45",1683275085,13.145352
"2023-05-05T12:24:45",1683282285,13.180059
"2023-05-05T14:24:45",1683289485,12.880710
"2023-05-05T16:24:45",1683296685,12.386133
"2023-05-05T18:25:00",1683303900,12.516285
"2023-05-05T20:25:16",1683311116,12.325396
"2023-05-05T22:25:16",1683318316,12.368778
"2023-05-06T00:25:20",1683325520,12.173551
"2023-05-06T02:25:35",1683332735,12.485915
"2023-05-06T04:25:51",1683339951,12.407825
"2023-05-06T06:26:07",1683347167,12.416501
"2023-05-06T08:26:22",1683354382,13.106306
"2023-05-06T10:26:38",1683361598,13.349257
"2023-05-06T12:26:53",1683368813,13.635592
"2023-05-06T14:27:09",1683376029,13.770082
"2023-05-06T16:27:25",1683383245,12.915418
"2023-05-06T18:27:40",1683390460,12.958801
"2023-05-06T20:27:56",1683397676,12.941447
"2023-05-06T22:28:11",1683404891,12.546653
"2023-05-07T00:28:27",1683412107,12.724527
"2023-05-07T02:28:43",1683419323,12.663790
"2023-05-07T04:28:58",1683426538,12.711513
"2023-05-07T06:29:14",1683433754,12.685482
"2023-05-07T08:29:29",1683440969,12.902402
"2023-05-07T10:29:45",1683448185,13.726698
"2023-05-07T12:30:00",1683455400,13.865527
"2023-05-07T14:30:16",1683462616,13.991341
"2023-05-07T16:30:16",1683469816,12.724527
"2023-05-07T18:30:32",1683477032,13.531469
"2023-05-07T20:30:48",1683484248,12.971817
"2023-05-07T22:31:03",1683491463,12.859018
"2023-05-08T00:31:19",1683498679,12.767912
"2023-05-08T02:31:34",1683505894,12.728867
"2023-05-08T04:31:50",1683513110,12.754896
"2023-05-08T06:32:06",1683520326,12.698497
"2023-05-08T08:32:21",1683527541,12.837326
"2023-05-08T10:32:37",1683534757,13.080276
"2023-05-08T12:32:52",1683541972,14.273336
"2023-05-08T14:33:08",1683549188,13.943617
"2023-05-08T16:33:23",1683556403,13.830820
"2023-05-08T18:33:39",1683563619,13.622576
"2023-05-08T20:33:54",1683570834,13.258150
"2023-05-08T22:34:10",1683578050,12.885048
"2023-05-09T00:34:26",1683585266,12.950125
"2023-05-09T02:34:41",1683592481,12.902402
"2023-05-09T04:34:57",1683599697,12.854680
"2023-05-09T06:35:12",1683606912,12.811296
"2023-05-09T08:35:28",1683614128,12.846003
"2023-05-09T10:35:44",1683621344,13.106306
"2023-05-09T12:35:59",1683628559,13.162706
"2023-05-09T14:36:15",1683635775,13.101969
"2023-05-09T16:36:30",1683642990,13.288519
"2023-05-09T18:36:46",1683650206,12.941447
"2023-05-09T20:37:01",1683657421,12.824310
"2023-05-09T22:37:17",1683664637,12.772250
"2023-05-10T00:37:33",1683671853,12.446870
"2023-05-10T02:37:48",1683679068,12.611728
"2023-05-10T04:38:04",1683686284,12.685481
"2023-05-10T06:38:19",1683693499,12.668127
"2023-05-10T08:38:35",1683700715,12.867694
"2023-05-10T10:38:51",1683707931,13.366611
"2023-05-10T12:39:06",1683715146,13.266828
"2023-05-10T14:39:22",1683722362,13.696329
"2023-05-10T16:39:37",1683729577,13.778760
"2023-05-10T18:39:53",1683736793,13.696329
"2023-05-10T20:40:09",1683744009,13.305873
"2023-05-10T22:40:24",1683751224,12.950125
"2023-05-11T00:40:40",1683758440,12.915418
"2023-05-11T02:40:55",1683765655,12.876370
"2023-05-11T04:41:11",1683772871,12.767911
"2023-05-11T06:41:26",1683780086,12.811295
"2023-05-11T08:41:42",1683787302,12.876371
"2023-05-11T10:41:57",1683794517,12.520623
"2023-05-11T12:42:13",1683801733,13.661621
"2023-05-11T14:42:29",1683808949,13.839498
"2023-05-11T16:42:44",1683816164,13.778760
"2023-05-11T18:43:00",1683823380,13.457716
"2023-05-11T20:43:15",1683830595,13.396980
"2023-05-11T22:43:31",1683837811,12.819972
"2023-05-12T00:43:47",1683845027,12.906740
"2023-05-12T02:44:02",1683852242,12.811296
"2023-05-12T04:44:18",1683859458,12.776588
"2023-05-12T06:44:33",1683866673,12.750559
"2023-05-12T08:44:49",1683873889,12.650774
"2023-05-12T10:45:05",1683881105,13.722361
"2023-05-12T12:45:20",1683888320,13.388303
"2023-05-12T14:45:36",1683895536,14.078108
"2023-05-12T16:45:51",1683902751,14.086784
"2023-05-12T18:46:07",1683909967,12.911077
"2023-05-12T20:46:22",1683917182,12.872034
"2023-05-12T22:46:38",1683924398,12.967478
"2023-05-13T00:46:54",1683931614,12.546654
"2023-05-13T02:47:09",1683938829,12.780928
"2023-05-13T04:47:25",1683946045,12.715851
"2023-05-13T06:47:40",1683953260,12.741880
"2023-05-13T08:47:56",1683960476,13.214767
"2023-05-13T10:47:56",1683967676,14.585701
"2023-05-13T12:47:56",1683974876,13.553162
"2023-05-13T14:48:12",1683982092,13.674637
"2023-05-13T16:48:27",1683989307,13.735374
"2023-05-13T18:48:43",1683996523,13.314549
"2023-05-13T20:48:58",1684003738,12.811295
"2023-05-13T22:49:14",1684010954,12.950125
"2023-05-14T00:49:30",1684018170,12.876371
"2023-05-14T02:49:45",1684025385,12.828649
"2023-05-14T04:50:01",1684032601,12.776588
"2023-05-14T06:50:16",1684039816,12.802618
"2023-05-14T08:50:32",1684047032,13.657283
"2023-05-14T10:50:47",1684054247,13.691991
"2023-05-14T12:51:03",1684061463,13.639929
"2023-05-14T14:51:19",1684068679,14.052078
"2023-05-14T16:51:34",1684075894,13.965309
"2023-05-14T18:51:50",1684083110,13.418673
"2023-05-14T20:52:06",1684090326,13.101969
"2023-05-14T20:38:52",1684089532,13.141014
"2023-05-14T22:39:08",1684096748,12.642097
"2023-05-14T22:38:27",1684096707,12.672465
"2023-05-15T00:38:27",1684103907,12.767912
"2023-05-15T02:38:42",1684111122,12.763573
"2023-05-15T04:38:58",1684118338,12.728866
"2023-05-15T06:39:13",1684125553,12.767912
"2023-05-15T08:39:29",1684132769,13.431686
"2023-05-15T10:39:44",1684139984,13.214767
"2023-05-15T12:40:00",1684147200,13.648607
"2023-05-15T14:40:16",1684154416,13.501101
"2023-05-15T16:40:31",1684161631,13.639929
"2023-05-15T18:40:47",1684168847,13.258150
"2023-05-15T20:41:03",1684176063,13.010861
"2023-05-15T22:41:18",1684183278,12.967479
"2023-05-16T00:41:34",1684190494,12.885048
"2023-05-16T02:41:49",1684197709,12.872034
"2023-05-16T04:42:05",1684204925,12.815634
"2023-05-16T06:42:20",1684212140,12.802618
"2023-05-16T08:42:36",1684219356,13.731036
"2023-05-16T10:42:51",1684226571,14.290689
"2023-05-16T12:43:07",1684233787,13.813466
"2023-05-16T14:43:23",1684241003,13.765744
"2023-05-16T16:43:38",1684248218,13.761404
"2023-05-16T18:43:54",1684255434,12.867694
"2023-05-16T20:44:09",1684262649,12.720189
"2023-05-16T22:44:25",1684269865,12.958801
"2023-05-17T00:44:41",1684277081,12.893725
"2023-05-17T02:44:56",1684284296,12.915416
"2023-05-17T04:45:12",1684291512,12.850340
"2023-05-17T06:45:27",1684298727,12.828649
"2023-05-17T08:45:43",1684305943,14.203921
"2023-05-17T10:45:59",1684313159,13.809128
"2023-05-17T12:46:14",1684320374,13.748390
"2023-05-17T14:46:30",1684327590,13.674637
"2023-05-17T16:46:45",1684334805,13.987002
"2023-05-17T18:47:01",1684342021,12.793942
"2023-05-17T20:47:16",1684349236,13.123660
"2023-05-17T22:47:32",1684356452,12.945786
"2023-05-18T00:47:48",1684363668,12.911077
"2023-05-18T02:48:03",1684370883,12.837326
"2023-05-18T04:48:19",1684378099,12.863358
"2023-05-18T06:48:34",1684385314,12.533638
"2023-05-18T08:48:50",1684392530,13.683313
"2023-05-18T10:49:05",1684399745,13.635592
"2023-05-18T12:49:21",1684406961,13.830820
"2023-05-18T14:49:37",1684414177,13.648607
"2023-05-18T16:49:52",1684421392,13.848173
"2023-05-18T18:50:08",1684428608,13.032553
"2023-05-18T20:50:23",1684435823,13.249474
"2023-05-18T22:50:39",1684443039,12.958801
"2023-05-19T00:50:55",1684450255,12.616068
"2023-05-19T02:51:10",1684457470,12.854680
"2023-05-19T04:51:26",1684464686,12.767912
"2023-05-19T06:51:41",1684471901,12.802618
"2023-05-19T08:51:57",1684479117,13.757068
"2023-05-19T10:52:12",1684486332,13.639929
"2023-05-19T12:52:28",1684493548,13.674637
"2023-05-19T14:52:44",1684500764,13.761404
"2023-05-19T16:52:59",1684507979,13.830820
"2023-05-19T18:53:15",1684515195,13.796112
"2023-05-19T20:53:31",1684522411,13.193074
"2023-05-19T22:53:31",1684529611,12.572683
"2023-05-20T00:53:31",1684536811,12.624743
"2023-05-20T02:53:46",1684544026,12.390471
"2023-05-20T04:54:02",1684551242,12.442532
"2023-05-20T06:54:18",1684558458,12.720189
"2023-05-20T08:54:33",1684565673,13.340579
"2023-05-20T10:54:49",1684572889,13.891558
"2023-05-20T12:55:04",1684580104,13.444702
"2023-05-20T14:55:20",1684587320,13.787436
"2023-05-20T16:55:20",1684594520,12.819972
"2023-05-20T18:55:20",1684601720,13.353595
"2023-05-20T20:55:20",1684608920,13.162706
"2023-05-20T22:55:20",1684616120,12.737543
"2023-05-21T00:55:20",1684623320,12.950125
"2023-05-21T02:55:36",1684630536,12.846003
"2023-05-21T04:55:52",1684637752,12.590036
"2023-05-21T06:56:07",1684644967,12.819972
"2023-05-21T08:56:23",1684652183,13.262489
"2023-05-21T10:56:38",1684659398,13.427348
"2023-05-21T12:56:54",1684666614,13.531469
"2023-05-21T14:57:09",1684673829,13.817804
"2023-05-21T16:57:09",1684681029,13.514116
"2023-05-21T18:57:24",1684688244,13.288519
"2023-05-21T20:57:40",1684695460,13.002185
"2023-05-21T22:57:55",1684702675,12.594375
"2023-05-22T00:58:11",1684709891,12.811296
"2023-05-22T02:58:27",1684717107,12.767912
"2023-05-22T04:58:42",1684724322,12.737543
"2023-05-22T06:58:58",1684731538,12.464224
"2023-05-22T08:59:13",1684738753,12.919756
"2023-05-22T10:59:29",1684745969,13.926265
"2023-05-22T12:59:45",1684753185,13.639929
"2023-05-22T15:00:00",1684760400,14.130170
"2023-05-22T17:00:16",1684767616,13.882879
"2023-05-22T19:00:31",1684774831,13.427348
"2023-05-22T21:00:47",1684782047,12.698498
"2023-05-22T23:01:03",1684789263,12.997847
"2023-05-23T01:01:18",1684796478,12.889386
"2023-05-23T03:01:34",1684803694,12.898062
"2023-05-23T05:01:49",1684810909,12.880710
"2023-05-23T07:02:05",1684818125,12.915418
"2023-05-23T09:02:20",1684825340,14.004354
"2023-05-23T11:02:36",1684832556,13.436025
"2023-05-23T13:02:52",1684839772,13.531469
"2023-05-23T15:03:07",1684846987,13.752728
"2023-05-23T17:03:23",1684854203,14.464226
"2023-05-23T19:03:38",1684861418,14.550993
"2023-05-23T21:03:54",1684868634,13.093290
"2023-05-23T23:04:10",1684875850,12.967478
"2023-05-24T01:04:25",1684883065,12.893724
"2023-05-24T03:04:41",1684890281,12.872034
"2023-05-24T05:04:56",1684897496,12.854680
"2023-05-24T07:05:12",1684904712,12.941447
"2023-05-24T09:05:27",1684911927,14.429518
"2023-05-24T11:05:43",1684919143,13.652945
"2023-05-24T13:05:59",1684926359,13.826480
"2023-05-24T15:06:14",1684933574,13.952295
"2023-05-24T17:06:30",1684940790,13.973987
"2023-05-24T19:06:30",1684947990,13.956633
"2023-05-24T21:06:30",1684955190,13.006523
"2023-05-24T23:06:30",1684962390,12.798280
"2023-05-25T01:06:30",1684969590,12.169212
"2023-05-25T03:06:46",1684976806,12.746221
"2023-05-25T05:07:02",1684984022,12.733205
"2023-05-25T07:07:17",1684991237,12.446871
"2023-05-25T09:07:33",1684998453,13.987002
"2023-05-25T11:07:48",1685005668,12.971815
"2023-05-25T13:08:04",1685012884,13.483747
"2023-05-25T15:08:19",1685020099,14.134508
"2023-05-25T15:02:23",1685019743,14.065092
"2023-05-25T17:02:23",1685026943,13.544485
"2023-05-25T19:02:23",1685034143,13.240796
"2023-05-25T21:02:23",1685041343,12.767912
"2023-05-25T23:02:23",1685048543,13.010862
"2023-05-26T01:02:23",1685055743,12.963140
"2023-05-26T03:02:38",1685062958,12.885048
"2023-05-26T05:02:54",1685070174,12.815634
"2023-05-26T07:03:10",1685077390,12.633421
"2023-05-26T09:03:25",1685084605,13.561838
"2023-05-26T11:03:41",1685091821,13.748390
"2023-05-26T13:03:57",1685099037,13.535808
"2023-05-26T15:04:12",1685106252,13.639929
"2023-05-26T17:04:28",1685113468,13.835157
"2023-05-26T19:04:43",1685120683,13.353595
"2023-05-26T21:04:59",1685127899,12.876371
"2023-05-26T23:05:14",1685135114,12.655113
"2023-05-27T01:05:14",1685142314,12.659452
"2023-05-27T03:05:29",1685149529,12.685482
"2023-05-27T05:05:45",1685156745,12.572683
"2023-05-27T07:06:01",1685163961,12.416502
"2023-05-27T09:06:16",1685171176,13.557500
"2023-05-27T11:06:32",1685178392,14.017370
"2023-05-27T11:03:45",1685178225,13.956633
"2023-05-27T13:03:45",1685185425,13.783096
"2023-05-27T15:03:45",1685192625,13.843836
"2023-05-27T17:03:45",1685199825,13.783098
"2023-05-27T19:03:45",1685207025,12.911077
"2023-05-27T21:04:00",1685214240,12.772250
"2023-05-27T23:04:16",1685221456,12.902402
"2023-05-28T01:04:31",1685228671,12.806958
"2023-05-28T03:04:47",1685235887,12.676805
"2023-05-28T05:05:03",1685243103,12.637758
"2023-05-28T07:05:18",1685250318,12.763575
"2023-05-28T09:05:34",1685257534,13.557501
"2023-05-28T11:05:49",1685264749,14.095462
"2023-05-28T13:06:05",1685271965,13.527132
"2023-05-28T15:06:21",1685279181,13.744052
"2023-05-28T17:06:21",1685286381,13.791774
"2023-05-28T19:06:37",1685293597,13.232121
"2023-05-28T21:06:52",1685300812,12.989171
"2023-05-28T23:06:52",1685308012,12.490254
"2023-05-29T01:07:08",1685315228,12.607389
"2023-05-29T03:07:23",1685322443,12.685482
"2023-05-29T05:07:39",1685329659,12.637759
"2023-05-29T07:07:54",1685336874,12.429517
"2023-05-29T09:08:10",1685344090,13.548823
"2023-05-29T11:08:25",1685351305,13.201752
"2023-05-29T13:08:41",1685358521,13.488086
"2023-05-29T15:08:56",1685365736,13.570516
"2023-05-29T17:09:12",1685372952,13.800450
"2023-05-29T19:09:27",1685380167,13.340579
"2023-05-29T21:09:43",1685387383,12.746221
"2023-05-29T23:09:59",1685394599,12.919756
"2023-05-30T01:10:14",1685401814,12.889386
"2023-05-30T03:10:30",1685409030,12.824310
"2023-05-30T05:10:43",1685416243,12.806956
"2023-05-30T07:17:00",1685423820,13.023877
"2023-05-30T09:17:16",1685431036,13.509778
"2023-05-30T11:17:31",1685438251,13.574854
"2023-05-30T13:17:47",1685445467,14.216937
"2023-05-30T15:18:02",1685452682,13.809128
"2023-05-30T17:18:18",1685459898,13.865527
"2023-05-30T19:18:33",1685467113,13.323227
"2023-05-30T21:18:49",1685474329,13.028216
"2023-05-30T23:19:05",1685481545,12.607391
"2023-05-31T01:19:20",1685488760,12.906740
"2023-05-31T03:19:36",1685495976,12.880710
"2023-05-31T05:19:51",1685503191,12.798280
"2023-05-31T07:20:07",1685510407,12.837326
"2023-05-31T09:20:23",1685517623,13.449040
"2023-05-31T11:20:38",1685524838,13.574854
"2023-05-31T13:20:54",1685532054,13.678976
"2023-05-31T15:21:09",1685539269,13.635592
"2023-05-31T17:21:25",1685546485,13.848173
"2023-05-31T19:21:41",1685553701,13.370949
"2023-05-31T21:21:56",1685560916,13.088953
"2023-05-31T23:22:12",1685568132,12.928432
"2023-06-01T01:22:27",1685575347,12.863356
"2023-06-01T03:22:43",1685582563,12.819972
"2023-06-01T05:22:59",1685589779,12.754896
"2023-06-01T07:23:14",1685596994,12.919756
"2023-06-01T09:23:30",1685604210,13.114983
"2023-06-01T11:23:45",1685611425,13.522792
"2023-06-01T13:24:01",1685618641,13.700668
"2023-06-01T15:24:16",1685625856,14.520625
"2023-06-01T17:24:32",1685633072,13.835157
"2023-06-01T19:24:48",1685640288,14.412165
"2023-06-01T21:25:03",1685647503,12.728865
"2023-06-01T23:25:19",1685654719,12.915418
"2023-06-02T01:25:35",1685661935,12.898064
"2023-06-02T03:25:50",1685669150,12.837326
"2023-06-02T05:26:06",1685676366,12.793941
"2023-06-02T07:26:21",1685683581,12.811295
"2023-06-02T09:26:37",1685690797,13.383965
"2023-06-02T11:26:52",1685698012,13.531469
"2023-06-02T13:27:08",1685705228,13.895895
"2023-06-02T15:27:24",1685712444,13.613899
"2023-06-02T17:27:39",1685719659,13.691991
"2023-06-02T19:27:55",1685726875,13.331903
"2023-06-02T21:28:10",1685734090,12.958801
"2023-06-02T23:28:26",1685741306,12.724527
"2023-06-03T01:28:41",1685748521,12.511946
"2023-06-03T03:28:57",1685755737,12.711513
"2023-06-03T05:29:12",1685762952,12.702836
"2023-06-03T07:29:28",1685770168,13.136675
"2023-06-03T09:29:44",1685777384,13.687653
"2023-06-03T11:29:59",1685784599,13.149691
"2023-06-03T13:30:15",1685791815,13.284182
"2023-06-03T15:30:30",1685799030,13.778758
"2023-06-03T15:24:36",1685798676,13.726697
"2023-06-03T17:24:36",1685805876,14.312383
"2023-06-03T19:24:52",1685813092,12.767912
"2023-06-03T21:25:07",1685820307,13.006523
"2023-06-03T23:25:23",1685827523,12.863356
"2023-06-04T01:25:39",1685834739,12.659451
"2023-06-04T03:25:54",1685841954,12.789603
"2023-06-04T05:26:10",1685849170,12.503268
"2023-06-04T07:26:25",1685856385,13.041231
"2023-06-04T09:26:41",1685863601,13.900235
"2023-06-04T11:26:57",1685870817,11.991338
"2023-06-04T13:27:12",1685878032,13.379626
"2023-06-04T15:27:28",1685885248,13.622576
"2023-06-04T17:27:43",1685892463,13.236460
"2023-06-04T19:27:59",1685899679,13.145352
"2023-06-04T21:28:15",1685906895,12.846003
"2023-06-04T23:28:30",1685914110,12.433854
"2023-06-05T01:28:46",1685921326,12.065090
"2023-06-05T03:29:01",1685928541,12.715850
"2023-06-05T05:29:17",1685935757,12.568346
"2023-06-05T07:29:33",1685942973,12.785265
"2023-06-05T09:29:48",1685950188,13.770082
"2023-06-05T11:30:04",1685957404,14.056417
"2023-06-05T13:30:19",1685964619,13.206090
"2023-06-05T15:30:35",1685971835,14.000017
"2023-06-05T17:30:50",1685979050,13.934939
"2023-06-05T19:31:06",1685986266,13.423010
"2023-06-05T21:31:22",1685993482,13.101967
"2023-06-05T23:31:37",1686000697,12.928432
"2023-06-06T01:31:53",1686007913,12.629082
"2023-06-06T03:32:09",1686015129,12.880710
"2023-06-06T05:32:24",1686022344,12.841664
"2023-06-06T07:32:40",1686029560,13.093292
"2023-06-06T09:32:55",1686036775,13.956633
"2023-06-06T11:33:11",1686043991,13.882879
"2023-06-06T13:33:26",1686051206,13.344919
"2023-06-06T15:33:42",1686058422,13.292859
"2023-06-06T17:33:58",1686065638,13.314550
"2023-06-06T19:34:13",1686072853,13.362272
"2023-06-06T21:34:29",1686080069,12.707174
"2023-06-06T23:34:44",1686087284,12.685482
"2023-06-07T01:35:00",1686094500,12.872032
"2023-06-07T03:35:16",1686101716,12.846003
"2023-06-07T05:35:31",1686108931,12.529300
"2023-06-07T07:35:47",1686116147,12.989169
"2023-06-07T09:36:03",1686123363,12.872034
"2023-06-07T11:36:18",1686130578,13.900233
"2023-06-07T13:36:34",1686137794,13.804789
"2023-06-07T15:36:49",1686145009,13.778758
"2023-06-07T17:37:05",1686152225,14.034724
"2023-06-07T19:37:20",1686159440,13.379626
"2023-06-07T21:37:36",1686166656,13.058584
"2023-06-07T23:37:52",1686173872,12.980492
"2023-06-08T01:38:07",1686181087,12.659451
"2023-06-08T03:38:23",1686188303,12.750559
"2023-06-08T05:38:38",1686195518,12.806956
"2023-06-08T07:38:54",1686202734,12.963140
"2023-06-08T09:39:10",1686209950,13.518454
"2023-06-08T11:39:25",1686217165,13.939280
"2023-06-08T13:39:41",1686224381,13.869864
"2023-06-08T15:39:57",1686231597,13.635592
"2023-06-08T17:40:12",1686238812,13.765744
"2023-06-08T19:40:28",1686246028,12.885048
"2023-06-08T21:40:43",1686253243,13.145352
"2023-06-08T23:40:59",1686260459,12.993509
"2023-06-09T01:41:14",1686267674,12.876371
"2023-06-09T03:41:30",1686274890,12.819972
"2023-06-09T05:41:46",1686282106,12.724527
"2023-06-09T07:42:01",1686289321,12.928432
"2023-06-09T09:42:17",1686296537,13.804789
"2023-06-09T11:42:32",1686303752,13.683313
"2023-06-09T13:42:48",1686310968,13.913248
"2023-06-09T15:43:04",1686318184,13.605223
"2023-06-09T17:43:19",1686325399,14.021710
"2023-06-09T19:43:35",1686332615,12.898064
"2023-06-09T21:43:50",1686339830,12.746221
"2023-06-09T23:44:06",1686347046,12.967478
"2023-06-10T01:44:22",1686354262,12.911077
"2023-06-10T03:44:37",1686361477,12.893725
"2023-06-10T05:44:53",1686368693,12.819972
"2023-06-10T07:45:08",1686375908,12.819972
"2023-06-10T09:45:24",1686383124,13.761404
"2023-06-10T11:45:40",1686390340,13.214767
"2023-06-10T13:45:55",1686397555,13.600883
"2023-06-10T15:46:11",1686404771,14.065094
"2023-06-10T17:46:26",1686411986,13.939280
"2023-06-10T19:46:42",1686419202,13.674637
"2023-06-10T21:46:58",1686426418,12.672466
"2023-06-10T23:47:13",1686433633,12.898064
"2023-06-11T01:47:29",1686440849,12.919756
"2023-06-11T03:47:44",1686448064,12.854680
"2023-06-11T05:48:00",1686455280,12.802618
"2023-06-11T07:48:16",1686462496,12.867696
"2023-06-11T09:48:31",1686469711,13.926264
"2023-06-11T11:48:47",1686476927,14.143186
"2023-06-11T13:49:02",1686484142,13.800450
"2023-06-11T15:49:18",1686491358,13.956635
"2023-06-11T17:49:34",1686498574,13.214766
"2023-06-11T19:49:49",1686505789,12.520624
"2023-06-11T21:50:05",1686513005,13.180059
"2023-06-11T23:50:20",1686520220,12.707174
"2023-06-12T01:50:36",1686527436,12.754896
"2023-06-12T03:50:52",1686534652,12.190905
"2023-06-12T05:51:07",1686541867,12.785265
"2023-06-12T07:51:23",1686549083,12.720190
"2023-06-12T09:51:38",1686556298,14.225614
"2023-06-12T11:51:54",1686563514,13.947957
"2023-06-12T13:52:10",1686570730,13.973987
"2023-06-12T15:52:25",1686577945,13.843836
"2023-06-12T17:52:41",1686585161,14.511948
"2023-06-12T19:52:56",1686592376,13.731036
"2023-06-12T21:53:12",1686599592,13.505440
"2023-06-12T23:53:28",1686606808,12.004354
"2023-06-13T01:53:43",1686614023,12.850342
"2023-06-13T03:53:59",1686621239,12.212595
"2023-06-13T05:54:14",1686628454,12.785265
"2023-06-13T07:54:30",1686635670,12.707174
"2023-06-13T09:54:46",1686642886,12.832987
"2023-06-13T11:55:01",1686650101,14.117154
"2023-06-13T13:55:17",1686657317,14.000017
"2023-06-13T15:55:32",1686664532,14.065094
"2023-06-13T17:55:48",1686671748,14.095462
"2023-06-13T19:56:04",1686678964,13.783098
"2023-06-13T21:56:19",1686686179,12.624743
"2023-06-13T23:56:35",1686693395,12.941447
"2023-06-14T01:56:51",1686700611,12.798280
"2023-06-14T03:57:06",1686707826,12.789602
"2023-06-14T05:57:22",1686715042,12.741882
"2023-06-14T07:57:37",1686722257,11.839493
"2023-06-14T09:57:53",1686729473,13.531469
"2023-06-14T11:58:08",1686736688,13.475070
"2023-06-14T13:58:24",1686743904,13.731036
"2023-06-14T15:58:40",1686751120,14.490255
"2023-06-14T17:58:55",1686758335,13.791774
"2023-06-14T19:59:11",1686765551,13.444702
"2023-06-14T21:59:26",1686772766,13.154030
"2023-06-14T23:59:42",1686779982,13.006523
"2023-06-15T01:59:58",1686787198,12.698497
"2023-06-15T04:00:13",1686794413,12.685482
"2023-06-15T06:00:29",1686801629,12.472900
"2023-06-15T08:00:45",1686808845,12.620405
"2023-06-15T10:01:00",1686816060,12.924093
"2023-06-15T12:01:16",1686823276,13.279841
"2023-06-15T14:01:31",1686830491,13.488086
"2023-06-15T16:01:47",1686837707,13.114983
"2023-06-15T18:02:02",1686844922,13.574854
"2023-06-15T20:02:18",1686852138,13.336243
"2023-06-15T22:02:34",1686859354,13.180059
"2023-06-16T00:02:49",1686866569,12.984831
"2023-06-16T02:03:05",1686873785,12.915418
"2023-06-16T04:03:20",1686881000,12.511946
"2023-06-16T06:03:36",1686888216,12.351426
"2023-06-16T08:03:52",1686895432,12.312380
"2023-06-16T10:04:07",1686902647,13.622576
"2023-06-16T12:04:23",1686909863,13.570516
"2023-06-16T14:04:38",1686917078,13.661621
"2023-06-16T16:04:54",1686924294,13.718020
"2023-06-16T18:05:10",1686931510,13.427348
"2023-06-16T20:05:25",1686938725,13.249474
"2023-06-16T22:05:41",1686945941,12.802618
"2023-06-17T00:05:57",1686953157,12.971817
"2023-06-17T02:06:12",1686960372,12.958801
"2023-06-17T04:06:28",1686967588,12.867694
"2023-06-17T06:06:43",1686974803,12.846004
"2023-06-17T08:06:59",1686982019,12.798281
"2023-06-17T10:07:14",1686989234,13.032555
"2023-06-17T12:07:30",1686996450,14.034724
"2023-06-17T14:07:46",1687003666,13.891556
"2023-06-17T16:08:01",1687010881,13.939281
"2023-06-17T18:08:17",1687018097,13.700666
"2023-06-17T20:08:32",1687025312,13.288519
"2023-06-17T22:08:48",1687032528,12.876371
"2023-06-18T00:09:04",1687039744,13.049907
"2023-06-18T02:09:19",1687046959,12.971817
"2023-06-18T04:09:35",1687054175,12.919756
"2023-06-18T06:09:51",1687061391,12.872034
"2023-06-18T08:10:06",1687068606,12.815634
"2023-06-18T10:10:22",1687075822,13.249474
"2023-06-18T12:10:37",1687083037,13.266828
"2023-06-18T14:10:53",1687090253,13.227781
"2023-06-18T16:11:09",1687097469,13.193074
"2023-06-18T18:11:24",1687104684,14.073771
"2023-06-18T20:11:40",1687111900,14.455548
"2023-06-18T22:11:55",1687119115,13.119322
"2023-06-19T00:12:11",1687126331,13.023877
"2023-06-19T02:12:26",1687133546,12.963140
"2023-06-19T04:12:42",1687140762,12.932770
"2023-06-19T06:12:58",1687147978,12.872032
"2023-06-19T08:13:13",1687155193,12.577022
"2023-06-19T10:13:29",1687162409,12.537977
"2023-06-19T12:13:44",1687169624,13.162706
"2023-06-19T14:14:00",1687176840,13.644269
"2023-06-19T16:14:16",1687184056,13.518454
"2023-06-19T18:14:31",1687191271,13.674637
"2023-06-19T20:14:47",1687198487,13.796112
"2023-06-19T22:15:02",1687205702,13.362271
"2023-06-20T00:15:18",1687212918,12.793942
"2023-06-20T02:15:33",1687220133,12.733204
"2023-06-20T04:15:49",1687227349,12.685482
"2023-06-20T06:16:05",1687234565,12.780927
"2023-06-20T08:16:20",1687241780,12.754896
"2023-06-20T10:16:36",1687248996,12.594376
"2023-06-20T12:16:51",1687256211,13.449040
"2023-06-20T14:17:07",1687263427,13.540146
"2023-06-20T16:17:23",1687270643,13.557500
"2023-06-20T18:17:38",1687277858,13.557500
"2023-06-20T20:17:54",1687285074,12.793942
"2023-06-20T22:18:09",1687292289,12.802618
"2023-06-21T00:18:25",1687299505,12.616067
"2023-06-21T02:18:40",1687306720,12.546654
"2023-06-21T04:18:56",1687313936,12.668128
"2023-06-21T06:19:12",1687321152,12.620405
"2023-06-21T08:19:27",1687328367,12.498930
"2023-06-21T10:19:43",1687335583,12.754896
"2023-06-21T12:19:58",1687342798,13.396978
"2023-06-21T14:20:14",1687350014,13.783096
"2023-06-21T16:20:29",1687357229,13.982664
"2023-06-21T18:20:45",1687364445,13.423010
"2023-06-21T20:21:01",1687371661,13.678976
"2023-06-21T22:21:16",1687378876,12.750559
"2023-06-22T00:21:32",1687386092,12.650775
"2023-06-22T02:21:47",1687393307,12.806956
"2023-06-22T04:22:03",1687400523,12.872034
"2023-06-22T06:22:19",1687407739,12.815634
"2023-06-22T08:22:34",1687414954,12.616068
"2023-06-22T10:22:50",1687422170,13.058584
"2023-06-22T12:23:05",1687429385,13.579191
"2023-06-22T14:23:21",1687436601,14.299367
"2023-06-22T16:23:36",1687443816,13.366611
"2023-06-22T18:23:52",1687451032,13.058584
"2023-06-22T20:24:08",1687458248,12.880710
"2023-06-22T22:24:23",1687465463,13.362272
"2023-06-23T00:24:39",1687472679,13.236460
"2023-06-23T02:24:54",1687479894,12.759234
"2023-06-23T04:25:10",1687487110,12.689821
"2023-06-23T06:25:25",1687494325,12.811295
"2023-06-23T08:25:41",1687501541,12.759234
"2023-06-23T10:25:57",1687508757,12.629083
"2023-06-23T12:26:12",1687515972,13.583531
"2023-06-23T14:26:28",1687523188,14.277675
"2023-06-23T16:26:43",1687530403,13.848173
"2023-06-23T18:26:59",1687537619,13.895895
"2023-06-23T20:27:15",1687544835,13.926265
"2023-06-23T22:27:30",1687552050,12.906740
"2023-06-24T00:27:46",1687559266,12.806956
"2023-06-24T02:28:01",1687566481,12.733204
"2023-06-24T04:28:17",1687573697,12.685482
"2023-06-24T06:28:32",1687580912,12.850340
"2023-06-24T08:28:48",1687588128,12.746219
"2023-06-24T10:29:04",1687595344,12.590036
"2023-06-24T12:29:19",1687602559,13.479408
"2023-06-24T14:29:35",1687609775,13.462056
"2023-06-24T16:29:51",1687616991,13.136675
"2023-06-24T18:30:06",1687624206,13.852511
"2023-06-24T20:30:22",1687631422,13.882879
"2023-06-24T22:30:37",1687638637,13.119321
"2023-06-25T00:30:53",1687645853,13.023877
"2023-06-25T02:31:08",1687653068,12.802618
"2023-06-25T04:31:24",1687660284,12.793941
"2023-06-25T06:31:39",1687667499,12.720190
"2023-06-25T08:31:55",1687674715,12.685482
"2023-06-25T10:32:11",1687681931,12.750559
"2023-06-25T12:32:26",1687689146,13.635592
"2023-06-25T14:32:42",1687696362,13.960973
"2023-06-25T16:32:57",1687703577,13.939280
"2023-06-25T18:33:13",1687710793,13.774422
"2023-06-25T20:33:29",1687718009,13.787436
"2023-06-25T22:33:44",1687725224,13.232121
"2023-06-26T00:34:00",1687732440,13.114983
"2023-06-25T22:46:57",1687726017,12.802618
"2023-06-26T00:46:57",1687733217,12.919756
"2023-06-26T02:47:12",1687740432,12.577022
"2023-06-26T04:47:28",1687747648,12.663790
"2023-06-26T06:47:43",1687754863,12.724527
